order_id,customer_email,price,transaction_id,order_date
10001,owen26@example.com,109.39,txn_100000,2026-02-05
10002,val693@example.com,145.44,txn_100001,2026-06-01
10003,blake31@example.com,22.45,txn_100002,2026-06-04
10004,bob204@inbox.io,164.16,txn_100003,2026-04-18
10005,oscar604@test.org,70.2,txn_100004,2026-07-14
10006,kevin349@test.org,21.15,txn_100005,2026-07-15
10007,victor95@example.com,31.92,txn_100006,2026-03-30
10008,miles827@shop.net,39.46,txn_100007,2026-02-01
10009,yasmin566@example.com,52.15,txn_100008,2026-04-03
10010,kai722@mail.com,54.59,txn_100009,2026-07-17
10011,sybil876@example.com,12.58,txn_100010,2026-03-13
10012,drew167@shop.net,20.71,txn_100011,2026-03-10
10013,sam624@example.com,45.06,txn_100012,2026-03-04
10014,kevin389+test@test.org,74.4,txn_100013,2026-06-26
10015,jude702@mail.com,62.62,txn_100014,2026-01-15
10016,oscar825@example.com,25.08,txn_100015,2026-02-24
10017,kai218@shop.net,34.67,txn_100016,2026-06-14
10018,drew272@mail.com,60.87,txn_100017,2026-05-18
10019,quentin439@inbox.io,127.93,txn_100018,2026-02-26
10020,ivan506@inbox.io,8.53,txn_100019,2026-01-29
10021,judy812@mail.com,49.73,txn_100020,2026-04-09
10022,yasmin480@inbox.io,77.83,txn_100021,2026-01-03
10023,ray699@example.com,170.11,txn_100022,2026-07-16
10024,pia115@shop.net,-70.98,txn_100023,2026-01-01
10025,uri996@shop.net,18.4,txn_100024,2026-01-28
10026,owen862@shop.net,50.67,txn_100025,2026-02-09
10027,xander553@mail.com,476.73,txn_100026,2026-01-01
10028,miles501@shop.net,74.68,txn_100027,2026-03-20
10029,peggy247@example.com,193.63,txn_100028,2026-01-22
10030,uri836@test.org,62.05,txn_100029,2026-07-16
10031,ivan676@mail.com,46.24,   ,2026-03-09
10032,harper434@inbox.io,478.67,txn_100031,2026-07-13
10033,uri731@mail.com,79.64,txn_100032,2026-06-16
10034,xander922@test.org,14.08,txn_100033,2026-02-27
10035,eve22@shop.net,22.26,txn_100034,2026-02-26
10036,alice725@example.com,22.17,txn_100035,2026-01-09
10037,victor527@example.com,55.17,txn_100036,2026-02-24
10038,iris741@mail.com,371.31,txn_100037,2026-05-02
10039,peggy827@test.org,12.07,txn_100038,2026-06-18
10040,blake434@shop.net,69.79,txn_100039,2026-01-14
10041,ray63@example.com,30.45,txn_100040,2026-01-28
10042,peggy195@mail.com,15.51,txn_100041,16/02/2026
10043,romeo256@test.org,89.05,txn_100042,2026-05-21
10044,grace668@example.com,1754.04,txn_100043,2026-01-24
10045,wren171@mail.com,41.1,txn_100044,2026-04-13
10046,david389@mail.com,34.28,txn_100045,2026-07-20
10047,drew434@shop.net,59.79,txn_100046,2026-07-20
10048,jude159@test.org,21.33,txn_100047,2026-01-15
10049,luna63@inbox.io,86.86,txn_100048,2026-05-30
10050,,98.89,txn_100049,2026-05-11
10051,frank71@mail.com,55.64,txn_100050,2026-03-02
10052,zach965@example.com,109.55,txn_100051,2026-06-02
10053,charlie84@inbox.io,48.78,txn_100052,2026-05-14
10054,uma210@shop.net,28.56,txn_100053,2026-03-09
10055,zach688@mail.com,39.29,txn_100054,2026-07-12
10056,eve470@example.com,47.22,txn_100055,2026-01-26
10057,eve219@inbox.io,14.93,txn_100056,2029-04-15
10058,eve379@mail.com,37.86,txn_100057,2026-05-20
10059,tara627@shop.net,1710.65,txn_100058,2026-05-16
10060,alice307@inbox.io,231.08,txn_100059,2026-02-04
10061,quentin912@example.com,46.49,txn_100060,2026-03-21
10062,sybil216@inbox.io,104.43,txn_100061,2026-06-12
10063,quentin501@inbox.io,73.11,txn_100062,2026-01-14
10064,frank850@test.org,5.27,txn_100063,2026-07-17
10065,ivan166@shop.net,146.2,txn_100064,2026-04-20
10066,jude115@example.com,71.23,txn_100065,2026-02-08
10067,iris855@example.com,46.44,txn_100066,2026-04-21
10068,ivan316@example.com,74.98,txn_100067,2026-01-11
10069,wendy699@mail.com,12.71,txn_100068,2026-07-19
10070,jude998@test.org,16.59,txn_100069,2026-03-02
10071,kevin903@mail.com,18.45,txn_100070,2026-03-27
10072,aria274@mail.com,57.6,txn_100071,2026-04-08
10073,charlie228@test.org,73.88,txn_100072,2026-03-31
10074,trent229@mail.com,19.48,txn_100073,2026-03-26
10075,romeo991@example.com,122.14,txn_100074,2026-05-11
10076,zach340@inbox.io,234.6,txn_100075,2026-03-08
10077,laura986@inbox.io,557.39,txn_100076,2026-06-02
10078,blake747@shop.net,132.37,txn_100077,2026-05-11
10079,heidi922@test.org,24.1,txn_100078,2026-07-01
10080,blake533@example.com,361.54,txn_100079,2026-07-04
10081,val373@mail.com,76.17,txn_100080,2026-03-26
10082,nora680@shop.net,166.37,txn_100081,2026-03-18
10083,gabe683@shop.net,35.18,txn_100082,2026-03-17
10084,jude197@mail.com,75.53,txn_100083,2026-06-23
10085,val631@mail.com,35.46,txn_100084,2026-01-01
10086,trent216@shop.net,48.5,txn_100085,2026-06-17
10087,uma453@test.org,21.03,txn_100086,2026-05-02
10088,val675@mail.com,43.66,txn_100087,2026-06-12
10089,nora96@shop.net,170.14,txn_100088,2026-06-22
10090,trent826@mail.com,6.83,txn_100089,2026-03-04
10091,eli871@inbox.io,134.65,txn_100090,2026-06-11
10092,kai736@mail.com,42.08,txn_100091,2026-03-04
10093,judy915@example.com,172.41,txn_100092,2026-01-28
10094,zoe225@test.org,76.85,txn_100093,2026-05-13
10095,drew571@example.com,68.63,txn_100094,2026-04-27
10096,ivan684@test.org,46.92,txn_100095,2026-03-23
10097,wren628@test.org,187.04,txn_100096,2026-04-20
10098,jude919@test.org,69.61,txn_100097,2026-04-26
10099,quentin861@mail.com,62.44,txn_100098,2026-05-14
10100,fiona282@mail.com,58.52,txn_100099,2026-03-02
10101,romeo328@shop.net,89.67,txn_100100,2026-02-08
10102,oscar711@test.org,21.05,txn_100101,2026-04-17
10103,aria556@shop.net,9.67,txn_100102,2026-04-18
10104,yasmin969@inbox.io,69.25,txn_100103,2026-07-15
10105,kai489@test.org,31.38,txn_100104,2026-07-12
10106,yasmin552@test.org,145.54,txn_100105,2026-06-04
10107,oscar225@test.org,41.42,txn_100106,2026-04-10
10108,victor742@test.org,40.05,txn_100107,2026-02-02
10109,nora28@inbox.io,377.57,txn_100108,2026-06-19
10110,bob659@example.com,70.01,txn_100109,2026-02-16
10111,david389@shop.net,39.1,txn_100110,2026-03-28
10112,wren285@test.org,179.83,txn_100111,2026-03-06
10113,frank20@test.org,86.25,txn_100112,2026-03-31
10114,oscar800@example.com,212.08,txn_100113,2026-01-08
10115,peggy860@mail.com,16.43,txn_100114,2026-02-02
10116,eli578@example.com,339.51,txn_100115,2026-03-07
10117,zoe172@shop.net,77.28,txn_100116,2026-07-03
10118,heidi988@mail.com,48.4,txn_100117,2026-03-21
10119,kai407@test.org,259.5,txn_100118,2026-06-01
10120,sam105@mail.com,27.62,txn_100119,2026-06-25
10121,miles816@example.com,1673.95,txn_100120,2026-03-30
10122,iris678@test.org,42.95,txn_100121,2026-03-29
10123,alice843@test.org,37.51,txn_100122,2026-04-03
10124,owen725@test.org,18.21,txn_100123,2026-05-14
10125,pia631@shop.net,144.58,txn_100124,2026-05-04
10126,drew846@test.org,112.21,txn_100125,2026-03-04
10127,frank903@shop.net,61.29,txn_100126,2026-05-26
10128,nora345@test.org,68.82,txn_100127,2026-02-16
10129,fiona364@mail.com,120.84,txn_100128,2026-06-02
10130,sam570@shop.net,76.1,txn_100129,2026-01-22
10131,peggy501@test.org,23.02,txn_100130,2026-05-02
10132,pia459@test.org,91.17,txn_100131,2026-02-26
10133,zach314@mail.com,32.68,txn_100132,2026-05-22
10134,harper436@shop.net,1325.58,txn_100133,2026-04-01
10135,sam278@test.org,22.29,txn_100134,2026-07-04
10136,mallory123@shop.net,194.11,txn_100135,2026-06-26
10137,laura222@mail.com,113.18,txn_100136,2026-05-31
10138,wren612@inbox.io,12.54,txn_100137,2026-02-19
10139,sybil370+orders@mail.com,6.06,txn_100138,2026-05-17
10140,ivan47@shop.net,,txn_100139,2026-06-28
10141,ivan106@test.org,148.89,txn_100140,2026-05-01
10142,eli349@test.org,8.85,txn_100141,2026-05-03
10143,heidi411@example.com,48.28,txn_100142,2026-07-11
10144,david153@mail.com,193.9,txn_100143,2026-01-22
10145,peggy572@example.com,152.76,txn_100144,2026-06-08
10146,oscar390@inbox.io,38.2,txn_100145,2026-05-31
10147,blake583@shop.net,50.72,txn_100146,2026-07-09
10148,grace641@mail.com,54.53,txn_100147,2026-02-10
10149,peggy566@mail.com,5.2,txn_100148,2026-04-26
10150,sam482@inbox.io,22.36,txn_100149,2026-06-30
10151,sybil73@test.org,74.29,txn_100150,2026-06-10
10152,luna436@mail.com,21.86,txn_100151,2026-02-08
10153,romeo74@mail.com,64.45,txn_100152,2026-06-02
10154,val944@inbox.io,14.33,txn_100153,2026-06-26
10155,trent966@test.org,45.5,txn_100154,2026-04-23
10156,frank41@inbox.io,168.14,txn_100155,2026-06-04
10157,quentin94@example.com,55.57,txn_100156,2026-05-28
10158,luna784@example.com,25.21,txn_100157,2026-01-11
10159,wren482@mail.com,38.17,txn_100158,2026-03-13
10160,laura447@inbox.io,41.88,txn_100159,2026-01-24
10161,eli419@shop.net,55.26,txn_100160,2026-02-11
10162,victor711@test.org,54.69,txn_100161,2026-04-13
10163,wren38@inbox.io,28.59,txn_100162,2026-03-24
10164,heidi886@test.org,79.11,txn_100163,2026-06-18
10165,iris424@test.org,43.88,txn_100164,2026-02-14
10166,wren641@test.org,8.87,txn_100165,2026-03-10
10167,jude950@mail.com,71.06,txn_100166,2026-05-05
10168,heidi997@example.com,64.95,txn_100167,2026-07-01
10169,kevin565@shop.net,35.6,txn_100168,2026-02-27
10170,heidi970@test.org,67.41,txn_100169,2026-05-08
10171,tara522@shop.net,129.86,txn_100170,2026-05-04
10172,eli468@mail.com,33.77,txn_100171,2026-06-03
10173,gabe885@mail.com,62.95,txn_100172,2026-04-17
10174,victor274@inbox.io,113.94,txn_100173,2026-03-18
10175,luna676@inbox.io,16.14,txn_100174,2026-05-18
10176,eli341@shop.net,45.76,txn_100175,2026-04-27
10177,uma715@mail.com,33.72,txn_100176,2026-07-18
10178,aria326@example.com,164.63,txn_100177,2026-04-08
10179,yasmin508@mail.com,237.87,txn_100178,2026-06-01
10180,victor896@example.com,91.97,txn_100179,2026-04-27
10181,alice420@mail.com,196.39,txn_100180,2026-01-20
10182,eli347@shop.net,34.81,txn_100181,2026-01-21
10183,victor390@inbox.io,388.04,txn_100182,2026-07-14
10184,fiona37@inbox.io,22.61,txn_100183,2026-06-25
10185,sybil765@mail.com,78.38,txn_100184,2026-07-14
10186,owen455@example.com,27.46,txn_100185,2026-01-08
10187,charlie816@shop.net,31.88,txn_100186,2026-04-21
10188,judy544@mail.com,56.14,txn_100187,2026-02-16
10189,kevin81@mail.com,33.69,txn_100188,2026-06-24
10190,peggy935@test.org,22.41,txn_100189,2026-06-13
10191,quentin262@test.org,72.42,txn_100190,2026-04-30
10192,sybil162@inbox.io,75.89,txn_100191,2026-05-31
10193,trent707@test.org,68.4,txn_100192,2026-02-20
10194,yasmin110@test.org,47.89,txn_100193,2026-05-28
10195,sybil23@shop.net,1487.34,txn_100194,2026-03-12
10196,alice886@inbox.io,60.85,txn_100195,2026-01-13
10197,miles853@test.org,285.86,txn_100196,2026-02-28
10198,miles225@shop.net,51.57,txn_100197,2026-06-23
10199,wren644@mail.com,52.06,txn_100198,2026-01-11
10200,trent35@test.org,59.93,txn_100199,2026-01-24
10201,sybil766@shop.net,20.06,txn_100200,2026-05-19
10202,xander514@inbox.io,449.14,txn_100201,2026-03-07
10203,eli765@shop.net,176.51,txn_100202,2026-04-30
10204,eve773@mail.com,458.04,txn_100203,2026-07-05
10205,ray991@test.org,146.88,txn_100204,2026-01-24
10206,zach271@example.com,39.11,txn_100205,2026-06-22
10207,val599@shop.net,52.89,txn_100206,2026-04-06
10208,grace483@mail.com,71.32,txn_100207,2026-05-24
10209,uma227@inbox.io,52.66,txn_100208,2026-04-29
10210,sam665@shop.net,15.48,txn_100209,2026-01-10
10211,trent119@test.org,71.54,txn_100210,2026-02-04
10212,yasmin380@test.org,60.74,txn_100211,2026-05-19
10213,aria761@inbox.io,186.25,txn_100212,2026-06-17
10214,grace631@test.org,76.36,txn_100213,2026-01-09
10215,sam223@shop.net,76.29,txn_100214,2026-04-03
10216,grace558@shop.net,393.45,txn_100215,2026-01-16
10217,zach195@shop.net,484.7,txn_100216,2026-04-27
10218,frank658@mail.com,77.83,txn_100217,2026-01-13
10219,victor129@mail.com,104.62,txn_100218,2026-07-15
10220,jude601@mail.com,70.23,txn_100219,2026-03-26
10221,zoe808@mail.com,200.85,txn_100220,2026-02-07
10222,ivan257@inbox.io,93.19,txn_100221,2026-01-07
10223,ivan367@example.com,108.55,txn_100222,2026-03-24
10224,,60.63,txn_100223,2026-05-15
10225,heidi488@example.com,32.15,txn_100224,2026-06-01
10226,grace516@test.org,51.13,txn_100225,2026-07-06
10227,quinn309@inbox.io,77.3,txn_100226,2026-01-16
10228,eli437@test.org,41.77,txn_100227,2026-04-24
10229,eve330@example.com,9.93,txn_100228,2026-03-12
10230,nora562@inbox.io,125.71,txn_100229,2026-06-02
10231,harper465@shop.net,37.26,txn_100230,2026-06-29
10232,heidi739@inbox.io,131.61,txn_100231,2026-02-28
10233,aria848@shop.net,36.2,txn_100232,2026-01-25
10234,uma321@test.org,33.07,txn_100233,2026-02-09
10235,ray69@test.org,11.4,txn_100234,2026-04-21
10236,grace832@shop.net,9.5,txn_100235,2026-05-24
10237,jude687@shop.net,31.52,txn_100236,2026-06-20
10238,wren889@test.org,215.43,txn_100237,2026-03-15
10239,miles361@shop.net,43.06,txn_100238,2026-02-09
10240,quinn230@test.org,122.01,txn_100239,2026-05-23
10241,xander781@example.com,21.96,txn_100240,2026-04-20
10242,jude629@inbox.io,46.76,txn_100241,2026-06-05
10243,quinn30@shop.net,57.7,txn_100242,2026-03-21
10244,victor7@shop.net,15.74,txn_100243,2026-06-18
10245,zach146@example.com,196.62,txn_100244,2026-01-24
10246,val221@inbox.io,39.02,txn_100245,2026-02-10
10247,xander739@shop.net,75.61,txn_100246,2026-06-02
10248,frank160@example.com,51.34,txn_100247,2026-06-22
10249,frank454@shop.net,41.42,txn_100248,2026-04-24
10250,aria221@shop.net,93.66,txn_100249,2026-04-21
10251,heidi695@shop.net,41.5,txn_100250,2026-06-20
10252,trent226@example.com,49.95,txn_100251,2026-01-02
10253,nina969@shop.net,15.29,txn_100252,2026-03-07
10254,sybil123@shop.net,1.96,txn_100253,2026-02-14
10255,ivan546@test.org,140.03,txn_100254,2026-06-21
10256,wendy407@example.com,85.08,txn_100255,2026-01-05
10257,drew883@example.com,37.2,txn_100256,2026-04-14
10258,tara297@test.org,6.56,txn_100257,2026-03-25
10259,kevin472@inbox.io,190.37,txn_100258,2026-01-23
10260,blake250@example.com,35.03,txn_100259,2026-01-21
10261,zach764@shop.net,29.98,txn_100260,2026-02-13
10262,eve649@inbox.io,43.25,txn_100261,2026-07-18
10263,wendy745@shop.net,393.63,txn_100262,2026-02-07
10264,peggy150@example.com,18.01,txn_100263,2026-02-09
10265,wren182@example.com,,txn_100264,2026-04-29
10266,wren779@inbox.io,56.09,txn_100265,2026-05-25
10267,pia331@inbox.io,155.27,txn_100266,2026-02-08
10268,casey481@example.com,27.71,txn_100267,2026-03-12
10269,luna361@example.com,28.28,txn_100268,2026-04-26
10270,charlie378@example.com,89.21,txn_100269,2026-01-24
10271,nora520@inbox.io,48.52,txn_100270,2026-07-09
10272,charlie931@test.org,158.22,txn_100271,2026-03-24
10273,miles514@test.org,9.64,txn_100272,2026-01-27
10274,victor517@example.com,7.94,txn_100273,2026-07-01
10275,casey537@test.org,16.91,txn_100274,2026-04-06
10276,sybil419@test.org,161.47,txn_100275,2026-01-14
10277,owen68@shop.net,46.85,txn_100276,2026-04-09
10278,sybil742@shop.net,195.73,txn_100277,2026-06-04
10279,judy84@shop.net,15.61,txn_100278,2026-03-31
10280,trent133@test.org,75.35,txn_100279,2026-03-21
10281,jude659@test.org,177.58,txn_100280,2026-06-21
10282,sam96@inbox.io,36.76,txn_100281,2026-04-03
10283,bob317@shop.net,21.06,txn_100282,2026-07-16
10284,fiona232@mail.com,732.42,txn_100283,2026-03-17
10285,grace790@inbox.io,60.4,txn_100284,2026-05-15
10286,charlie898@shop.net,95.73,txn_100285,2026-04-07
10287,judy186@mail.com,172.53,txn_100286,2026-02-12
10288,uri45@test.org,55.73,txn_100287,2026-03-02
10289,casey292@inbox.io,174.06,txn_100288,2026-03-01
10290,iris317@mail.com,435.31,txn_100289,2026-02-19
10291,xander452@inbox.io,26.13,txn_100290,2026-04-08
10292,gabe429@inbox.io,445.07,txn_100291,2026-06-04
10293,ivan54@shop.net,70.56,txn_100292,2026-05-22
10294,grace872@inbox.io,11.29,txn_100293,2026-02-11
10295,romeo928@test.org,67.33,txn_100294,2026-01-24
10296,oscar906@test.org,7.0,txn_100295,2026-01-14
10297,zach383@inbox.io,79.59,txn_100296,2026-04-06
10298,oscar327@example.com,451.75,txn_100297,2026-06-16
10299,victor141@mail.com,73.8,txn_100298,2026-05-01
10300,sam778@mail.com,133.83,txn_100299,2026-01-02
10301,frank263@example.com,16.21,txn_100300,2026-07-06
10302,miles434@inbox.io,26.61,txn_100301,2026-03-19
10303,heidi245@example.com,64.54,txn_100302,2026-04-28
10304,eve857@example.com,379.02,txn_100303,05/01/2026
10305,owen589@inbox.io,15.77,txn_100304,2026-04-20
10306,alice362@inbox.io,36.24,txn_100305,2026-06-20
10307,quinn537@example.com,601.52,txn_100306,2026-05-15
10308,iris806@inbox.io,3765.19,txn_100307,2026-04-10
10309,eli651@example.com,33.0,txn_100308,2026-07-11
10310,bob808@shop.net,23.08,txn_100309,2026-06-18
10311,owen791@example.com,61.75,txn_100310,2026-02-04
10312,charlie560@shop.net,53.21,txn_100311,2026-07-19
10313,ray713@test.org,18.67,txn_100312,2026-02-04
10314,eve38@test.org,8.29,txn_100313,2026-02-21
10315,charlie956@shop.net,34.87,txn_100314,2026-05-20
10316,eli38@shop.net,102.93,txn_100315,2026-04-02
10317,zoe887@example.com,25.49,txn_100316,2026-04-05
10318,blake762@test.org,76.74,txn_100317,2026-03-28
10319,laura709@test.org,74.32,txn_100318,2026-05-13
10320,romeo745@example.com,37.3,txn_100319,2026-02-16
10321,iris329@shop.net,29.59,txn_100320,2026-03-17
10322,trent618@test.org,100.0,txn_100321,2026-04-24
10323,wendy44@test.org,189.39,txn_100322,2026-06-07
10324,blake655@shop.net,1921.86,txn_100323,2026-01-20
10325,quinn373@test.org,61.24,txn_100324,2026-02-10
10326,bob870@mail.com,63.6,txn_100325,2026-01-09
10327,ivan242@example.com,123.96,txn_100326,2026-04-09
10328,kai620@example.com,38.74,txn_100327,2026-04-05
10329,xander782@test.org,15.33,txn_100328,2026-04-04
10330,zach666@shop.net,77.04,txn_100329,2026-01-07
10331,val512@mail.com,73.52,txn_100330,2026-01-31
10332,quentin721@shop.net,79.73,txn_100331,2026-03-15
10333,sam205@test.org,68.96,txn_100332,2026-04-26
10334,laura90@test.org,196.11,txn_100333,2026-03-23
10335,quinn727@shop.net,45.66,txn_100334,2026-03-18
10336,kevin813@mail.com,21.82,txn_100335,2026-02-21
10337,ivan810@mail.com,32.07,txn_100336,2026-05-27
10338,xander823@test.org,694.66,txn_100337,2026-01-23
10339,eve408@shop.net,1578.3,txn_100338,2026-05-15
10340,aria844@test.org,14.4,txn_100339,2026-07-25
10341,pia461@example.com,43.8,txn_100340,2026-02-02
10342,zoe656@inbox.io,62.58,txn_100341,2026-02-03
10343,blake933@inbox.io,179.77,txn_100342,2026-05-13
10344,judy169@shop.net,75.11,txn_100343,2026-02-27
10345,wendy917@inbox.io,10.91,txn_100344,2026-02-20
10346,owen282@inbox.io,27.71,txn_100345,2026-05-17
10347,frank657@inbox.io,75.62,txn_100346,2026-02-09
10348,kevin738@inbox.io,301.29,txn_100347,2026-05-25
10349,charlie84@example.com,53.11,txn_100348,2026-05-28
10350,quentin786@mail.com,51.36,txn_100349,2026-01-08
10351,fiona297@inbox.io,27.66,txn_100350,2026-03-04
10352,ray305@test.org,56.65,txn_100351,2028-10-06
10353,casey496@test.org,30.51,txn_100352,2026-02-06
10354,uma752@shop.net,1018.06,txn_100353,2026-04-13
10355,ivan528@shop.net,28.93,txn_100354,2026-04-30
10356,heidi461@shop.net,12.26,txn_100355,2026-03-16
10357,yasmin429@inbox.io,1.95,txn_100356,2026-02-10
10358,uma739@inbox.io,62.23,txn_100357,2026-05-08
10359,gabe511@test.org,139.68,txn_100358,2026-01-24
10360,zach469@inbox.io,264.54,txn_100359,2026-04-01
10361,david289@example.com,0,txn_100360,2026-06-17
10362,ray293@test.org,68.54,txn_100361,2026-04-21
10363,ivan745@shop.net,35.24,txn_100362,2026-01-12
10364,zach584@example.com,32.19,txn_100363,2026-03-15
10365,eve517@test.org,46.24,txn_100364,2026-06-09
10366,ray122@inbox.io,12.25,txn_100365,2026-04-06
10367,victor962@inbox.io,15.82,txn_100366,04/06/2026
10368,gabe513@test.org,7.92,txn_100367,2026-07-02
10369,victor532@test.org,50.47,txn_100368,2026-05-12
10370,ivan954@shop.net,17.19,txn_100369,2026-06-07
10371,val608@shop.net,67.12,txn_100370,2026-05-17
10372,fiona307@inbox.io,6.25,txn_100371,2026-03-26
10373,ray427@example.com,64.76,txn_100372,2026-07-05
10374,sam612@example.com,77.53,txn_100373,2026-07-20
10375,zoe592@inbox.io,0.45,txn_100374,2026-05-03
10376,kevin645@inbox.io,172.95,txn_100375,2026-04-08
10377,judy33@mail.com,57.54,txn_100376,2026-02-18
10378,bob322@test.org,35.97,txn_100377,2026-02-22
10379,aria794@inbox.io,40.37,txn_100378,2026-07-08
10380,uri723@example.com,20.55,txn_100379,2026-03-25
10381,quinn539@test.org,76.75,txn_100380,2026-04-28
10382,iris560@shop.net,62.9,txn_100381,2026-07-04
10383,ray625@shop.net,76.8,txn_100382,2026-03-13
10384,jude231@shop.net,494.68,txn_100383,2026-07-17
10385,sybil707@mail.com,118.04,txn_100384,2026-03-31
10386,jude295@shop.net,55.75,txn_100385,2026-04-08
10387,zach978@shop.net,97.58,txn_100386,2026-01-11
10388,sybil355@example.com,396.79,txn_100387,2026-07-11
10389,eli207@mail.com,112.54,txn_100388,2026-05-24
10390,sam141@shop.net,60.57,txn_100389,2026-03-03
10391,peggy686@example.com,267.7,txn_100390,2026-03-01
10392,david424@example.com,40.43,txn_100391,2026-06-24
10393,zoe6@mail.com,493.37,txn_100392,2026-02-10
10394,aria489@test.org,61.69,txn_100393,2026-03-15
10395,uma662@shop.net,62.65,txn_100394,2026-06-16
10396,kai548@mail.com,182.04,txn_100395,2026-01-10
10397,laura904@test.org,192.07,txn_100396,2026-01-10
10398,zach191@test.org,488.64,txn_100397,2026-03-16
10399,charlie306@example.com,13.05,txn_100398,2026-03-27
10400,sybil657@test.org,42.04,txn_100399,2026-02-04
10401,gabe280@test.org,13.45,txn_100400,2026-02-11
10402,uri664@test.org,18.96,txn_100401,2026-07-08
10403,victor582@shop.net,19.49,txn_100402,2026-06-06
10404,owen847@test.org,29.59,txn_100403,2026-04-13
10405,quinn190@example.com,1216.18,txn_100404,2026-03-05
10406,alice393@shop.net,61.53,txn_100405,2026-03-26
10407,trent741@inbox.io,24.62,txn_100406,2026-04-03
10408,sam64@mail.com,39.9,txn_100407,2026-02-10
10409,zach946@inbox.io,164.43,txn_100408,2026-03-21
10410,sam655@example.com,288.51,txn_100409,2026-06-07
10411,oscar981@mail.com,16.49,txn_100410,2026-07-11
10412,miles426@shop.net,189.54,txn_100411,2026-07-13
10413,iris781@mail.com,61.61,txn_100412,2026-01-21
10414,harper541@test.org,89.37,txn_100413,2026-05-25
10415,heidi849@example.com,42.91,txn_100414,2026-05-27
10416,iris169@mail.com,44.03,txn_100415,2026-01-30
10417,ray735@mail.com,11.82,txn_100416,2026-05-11
10418,casey465@example.com,36.16,txn_100417,2026-05-25
10419,david474@inbox.io,28.11,txn_100418,2026-01-06
10420,zach837@shop.net,21.34,txn_100419,2026-01-19
10421,charlie353@test.org,144.94,txn_100420,2026-01-16
10422,eve33@test.org,18.5,txn_100421,2026-02-04
10423,zoe384@test.org,1073.72,txn_100422,2026-04-07
10424,yasmin700@example.com,462.37,txn_100423,2026-02-04
10425,pia122@shop.net,45.29,txn_100424,2026-05-16
10426,ivan855@mail.com,6.71,txn_100425,2026-03-18
10427,drew435@inbox.io,66.75,txn_100426,2026-03-05
10428,drew159@shop.net,75.31,txn_100427,2026-07-05
10429,wren33@example.com,,txn_100428,2026-07-16
10430,bob212@mail.com,49.55,txn_100429,2026-04-25
10431,miles251@example.com,128.27,txn_100430,2026-03-01
10432,iris773@mail.com,86.77,txn_100431,2026-05-09
10433,sybil836@mail.com,372.83,txn_100432,2026-05-28
10434,miles243@shop.net,15.74,txn_100433,2026-06-19
10435,harper424@mail.com,9.57,txn_100434,2026-06-01
10436,val642@mail.com,46.69,txn_100435,2026-01-13
10437,wendy805@test.org,57.22,txn_100436,2026-04-15
10438,judy386@shop.net,45.34,txn_100437,2026-03-03
10439,oscar879@shop.net,176.69,txn_100438,2026-01-15
10440,jude992@test.org,44.75,txn_100439,2026-04-10
10441,peggy209@shop.net,10.93,txn_100440,2026-04-26
10442,xander549@example.com,102.86,txn_100441,2026-03-10
10443,yasmin618@inbox.io,10.46,txn_100442,2026-07-14
10444,luna223@inbox.io,70.21,txn_100443,2026-03-27
10445,trent217@example.com,488.62,txn_100444,2026-01-31
10446,val937@test.org,50.33,txn_100445,2026-02-22
10447,zach566@mail.com,26.23,txn_100446,2026-04-30
10448,iris316@shop.net,43.46,txn_100447,2026-05-08
10449,drew823@example.com,1204.24,txn_100448,2026-03-23
10450,nina321@shop.net,47.19,txn_100449,2026-02-26
10451,val17@mail.com,75.11,txn_100450,2026-05-29
10452,uri303@test.org,29.74,txn_100451,2026-04-08
10453,kai512@mail.com,75.76,txn_100452,2026-03-28
10454,quentin990@test.org,168.75,txn_100453,2026-04-28
10455,kevin174@shop.net,45.99,txn_100454,2026-02-17
10456,iris537@example.com,68.5,txn_100455,2026-06-21
10457,david423@example.com,52.3,txn_100456,2026-01-18
10458,tara10@mail.com,39.2,txn_100457,2026-01-16
10459,nora935@inbox.io,41.59,txn_100458,2026-01-02
10460,iris422@inbox.io,44.71,txn_100459,2026-03-12
10461,iris18@shop.net,57.34,txn_100460,2026-04-21
10462,laura941@example.com,16.17,txn_100461,2026-02-19
10463,nora259@inbox.io,112.08,txn_100462,2026-04-12
10464,frank983@shop.net,47.38,txn_100463,2026-06-28
10465,oscar701@shop.net,89.67,txn_100464,2026-06-16
10466,wren96@example.com,33.29,txn_100465,2026-05-02
10467,david720@example.com,42.49,txn_100466,2026-04-22
10468,pia580@shop.net,1960.76,txn_100467,2026-05-16
10469,charlie217@mail.com,407.69,txn_100468,2026-05-26
10470,eli48@shop.net,405.33,txn_100469,2026-03-13
10471,iris674@inbox.io,74.66,txn_100470,2026-03-22
10472,bob602@mail.com,66.55,txn_100471,2026-04-12
10473,eve167@shop.net,47.5,txn_100472,2026-04-10
10474,ray340@inbox.io,60.48,txn_100473,2026-06-26
10475,uri513@example.com,121.5,txn_100474,2026-01-26
10476,blake859@mail.com,50.39,txn_100475,2026-06-07
10477,miles993@test.org,83.56,txn_100476,2026-03-11
10478,casey234@test.org,75.59,txn_100477,2026-04-21
10479,laura677@inbox.io,62.91,txn_100478,2026-03-17
10480,peggy85@example.com,33.5,txn_100479,2026-07-20
10481,owen758@mail.com,,txn_100480,2026-01-24
10482,alice456@shop.net,25.23,txn_100481,2026-02-03
10483,frank442@mail.com,46.61,txn_100482,2026-04-15
10484,grace92@example.com,11.98,txn_100483,2026-06-03
10485,uma13@test.org,34.08,txn_100484,2026-01-22
10486,uri927@inbox.io,864.11,txn_100485,2026-05-14
10487,kevin174@test.org,27.58,txn_100486,2026-05-07
10488,judy172@example.com,36.58,txn_100487,2026-05-04
10489,eve258@shop.net,416.27,txn_100488,2026-05-07
10490,miles201@inbox.io,15.16,txn_100489,31/02/2026
10491,zach862@shop.net,65.31,txn_100490,2026-03-26
10492,casey441@shop.net,183.14,txn_100491,2026-06-02
10493,ivan329@shop.net,57.15,txn_100492,2026-05-03
10494,uma988@mail.com,28.94,txn_100493,2026-07-08
10495,sam991@test.org,23.18,txn_100494,2026-04-07
10496,romeo374@test.org,47.29,txn_100495,2026-06-01
10497,iris699@mail.com,83.23,txn_100496,2026-07-06
10498,drew449@mail.com,179.75,txn_100497,2026-01-18
10499,aria143@test.org,23.15,txn_100498,2026-06-18
10500,judy809@test.org,38.68,txn_100499,2026-07-11
10501,eli411@inbox.io,74.26,txn_100500,2026-06-27
10502,aria38@inbox.io,123.14,txn_100501,2026-05-18
10503,miles112@example.com,158.91,txn_100502,2026-04-01
10504,kevin46@inbox.io,53.38,txn_100503,2026-06-15
10505,zach989@shop.net,92.71,txn_100504,2026-01-26
10506,quentin523@mail.com,146.96,txn_100505,2026-06-26
10507,kai457@mail.com,39.73,txn_100506,2026-06-23
10508,luna155@inbox.io,6.84,txn_100507,2026-01-27
10509,sybil943@test.org,234.82,txn_100508,2026-07-06
10510,judy320@shop.net,63.82,txn_100509,2026-05-14
10511,eli488@shop.net,59.15,txn_100510,2026-04-26
10512,uma308@example.com,58.31,txn_100511,2026-01-06
10513,victor694@example.com,191.59,txn_100512,2026-07-09
10514,peggy179@inbox.io,29.82,txn_100513,2026-04-20
10515,drew817@mail.com,18.83,txn_100514,2026-06-13
10516,quinn406@test.org,51.06,txn_100515,2026-02-20
10517,casey440@inbox.io,57.86,txn_100516,2026-02-22
10518,romeo592@example.com,70.4,txn_100517,2026-02-17
10519,xander202@shop.net,24.68,txn_100518,2026-05-06
10520,harper612@shop.net,34.44,txn_100519,2026-01-30
10521,wendy866@shop.net,17.94,txn_100520,2026-06-22
10522,tara941@shop.net,11.36,txn_100521,2026-02-04
10523,uma245@example.com,18.73,txn_100522,2026-06-27
10524,judy398@inbox.io,15.34,txn_100523,2026-04-09
10525,blake499@mail.com,57.01,txn_100524,2026-06-15
10526,laura171@inbox.io,15.52,txn_100525,2026-03-22
10527,casey55@inbox.io,194.22,txn_100526,2026-05-05
10528,ivan835@mail.com,47.12,txn_100527,2026-06-17
10529,fiona702@test.org,58.26,txn_100528,2026-04-24
10530,fiona85@mail.com,64.69,txn_100529,2026-02-26
10531,sybil282@example.com,26.65,txn_100530,2026-07-19
10532,drew761@inbox.io,139.44,txn_100531,2026-05-11
10533,heidi117@inbox.io,45.73,txn_100532,2026-04-04
10534,iris779@example.com,145.56,txn_100533,2026-04-19
10535,grace305@mail.com,83.87,txn_100534,2026-03-09
10536,wendy450@example.com,94.09,txn_100535,2026-03-02
10537,nina706@inbox.io,58.31,txn_100536,2026-06-11
10538,blake631@mail.com,20.5,txn_100537,2026-02-22
10539,david360@inbox.io,49.76,txn_100538,2026-02-13
10540,uma297@shop.net,76.43,txn_100539,2026-05-12
10541,ray139@example.com,435.71,txn_100540,2026-01-16
10542,romeo719@mail.com,109.96,txn_100541,2026-07-02
10543,uma780@mail.com,127.12,txn_100542,2026-02-06
10544,kai643@shop.net,38.9,txn_100543,2026-06-12
10545,zoe413@example.com,25.87,txn_100544,2026-04-05
10546,drew336@test.org,70.17,txn_100545,2026-07-07
10547,frank651@test.org,31.87,txn_100546,2026-01-17
10548,iris224@test.org,447.45,txn_100547,2026-05-07
10549,romeo849@shop.net,46.05,txn_100548,2026-02-03
10550,kai808@test.org,56.19,txn_100549,2026-01-13
10551,charlie642@example.com,135.15,txn_100550,2026-02-01
10552,kevin468@test.org,76.85,txn_100551,2026-02-21
10553,sam904@mail.com,16.92,txn_100552,2026-03-12
10554,frank257@shop.net,54.84,txn_100553,2026-06-16
10555,kevin406@example.com,59.45,txn_100554,2026-07-13
10556,oscar672@test.org,12.14,txn_100555,2026-02-24
10557,eli136@example.com,43.96,txn_100556,2026-04-24
10558,alice713@example.com,14.04,txn_100557,2026-04-19
10559,sam490@mail.com,33.73,txn_100558,2026-07-07
10560,grace321@example.com,27.44,txn_100559,2026-04-08
10561,zoe657@mail.com,714.28,txn_100560,2026-05-16
10562,kai625@example.com,38.01,txn_100561,2026-07-04
10563,nina942@mail.com,56.49,txn_100562,2026-02-25
10564,frank144@example.com,150.75,txn_100563,2026-04-09
10565,wendy323@test.org,109.73,txn_100564,2026-06-15
10566,frank567@mail.com,59.09,txn_100565,2026-03-14
10567,zoe869@example.com,185.1,txn_100566,2026-02-22
10568,harper522@inbox.io,34.38,txn_100567,2026-06-15
10569,david507@mail.com,23.08,txn_100568,2026-06-13
10570,miles541@example.com,81.45,txn_100569,2026-04-03
10571,uma397@mail.com,148.21,txn_100570,2026-04-04
10572,iris782@mail.com,79.05,txn_100571,2026-01-19
10573,bob70@inbox.io,21.18,txn_100572,2026-01-16
10574,zach294@inbox.io,42.58,txn_100573,2026-04-17
10575,blake85@test.org,45.32,txn_100574,2026-02-09
10576,romeo318@example.com,74.07,txn_100575,2026-02-09
10577,iris401@shop.net,62.24,txn_100576,2026-06-16
10578,ray318@example.com,59.75,txn_100577,2026-03-03
10579,david89@mail.com,234.8,txn_100578,2026-06-06
10580,miles317@example.com,54.35,txn_100579,2026-02-14
10581,heidi725@example.com,5.85,txn_100580,2026-05-08
10582,wendy530@inbox.io,166.49,txn_100581,2026-02-12
10583,xander768@mail.com,112.25,txn_100582,2026-01-31
10584,zoe344@example.com,112.64,txn_100583,2026-01-17
10585,quentin643@inbox.io,39.14,txn_100584,2026-04-03
10586,david880@test.org,32.58,txn_100585,2026-03-07
10587,zoe916@example.com,59.21,txn_100586,2026-02-28
10588,val3@inbox.io,69.72,txn_100587,2026-03-04
10589,charlie373@test.org,16.26,txn_100588,2026-01-10
10590,jude230@test.org,36.22,txn_100589,2026-07-04
10591,uma846@shop.net,32.96,txn_100590,2026-05-09
10592,ray184@example.com,43.68,txn_100591,2026-01-12
10593,zach899@example.com,26.17,txn_100592,2026-03-21
10594,uma567@example.com,32.67,txn_100593,2026-03-16
10595,kai758@shop.net,39.79,txn_100594,2026-06-01
10596,fiona751@mail.com,428.14,txn_100595,2026-03-04
10597,judy955@example.com,22.47,txn_100596,2026-03-30
10598,owen974@example.com,61.92,txn_100597,2026-04-07
10599,val107@shop.net,78.73,txn_100598,2026-04-18
10600,fiona996@example.com,1567.48,txn_100599,2026-01-24
10601,charlie919@mail.com,129.57,txn_100600,2026-04-06
10602,drew595@example.com,15.01,txn_100601,2026-04-11
10603,eve582@inbox.io,54.68,txn_100602,2026-02-03
10604,peggy268@shop.net,191.13,txn_100603,2026-04-11
10605,sam326@shop.net,22.52,txn_100604,2026-02-21
10606,ivan112@inbox.io,17.33,txn_100605,2026-04-30
10607,uma124@test.org,77.35,txn_100606,2026-02-23
10608,casey475@shop.net,13.99,txn_100607,2026-02-10
10609,ray847@shop.net,152.4,txn_100608,2026-02-25
10610,uma94@mail.com,196.21,txn_100609,2026-04-12
10611,gabe694@example.com,66.51,txn_100610,2026-02-14
10612,bob876@test.org,61.11,txn_100611,2026-03-05
10613,grace105@test.org,96.78,txn_100612,2026-01-04
10614,david134@mail.com,35.04,txn_100613,2026-06-25
10615,owen597@example.com,73.81,txn_100614,2026-01-20
10616,bob203@example.com,333.03,txn_100615,2026-02-02
10617,frank126@shop.net,39.57,txn_100616,2026-02-13
10618,kai842@test.org,139.54,txn_100617,2026-04-08
10619,ray177@test.org,73.12,txn_100618,2026-03-12
10620,romeo905@test.org,51.06,txn_100619,2026-06-07
10621,peggy511@shop.net,46.3,txn_100620,2026-01-16
10622,frank393@shop.net,19.96,txn_100621,2026-05-15
10623,peggy814@inbox.io,33.69,txn_100622,2026-07-02
10624,wendy558@test.org,121.28,txn_100623,2026-05-25
10625,gabe398@shop.net,6.95,txn_100624,2026-06-02
10626,oscar918@example.com,113.71,txn_100625,2026-05-01
10627,harper786@shop.net,22.46,txn_100626,2026-02-10
10628,grace673@mail.com,45.03,txn_100627,2026-07-08
10629,david590@mail.com,175.69,txn_100628,2026-04-01
10630,laura243@mail.com,65.47,txn_100629,2026-06-28
10631,wendy29@inbox.io,122.2,txn_100630,2026-05-26
10632,kai577@mail.com,451.01,txn_100631,2026-05-07
10633,iris180@shop.net,11.77,txn_100632,2026-03-01
10634,miles21@mail.com,5.05,txn_100633,2026-06-07
10635,mallory349@mail.com,190.25,txn_100634,2026-03-24
10636,david152@example.com,73.79,txn_100635,2026-07-18
10637,heidi882@inbox.io,10.44,txn_100636,2026-06-30
10638,quinn601@test.org,27.63,txn_100637,2026-02-04
10639,kevin811@test.org,41.54,txn_100638,2026-03-23
10640,laura711@inbox.io,153.65,txn_100639,2026-04-02
10641,oscar835@inbox.io,28.01,txn_100640,2026-06-26
10642,sybil182@mail.com,193.85,txn_100641,2026-05-27
10643,zach34@inbox.io,28.87,txn_100642,2026-06-06
10644,oscar107@inbox.io,242.19,txn_100643,2026-07-10
10645,eve356@mail.com,751.83,txn_100644,2026-01-23
10646,tara458@shop.net,20.73,txn_100645,2026-06-27
10647,eve263@shop.net,166.45,txn_100646,2026-01-13
10648,yasmin751@test.org,17.48,txn_100647,2026-04-16
10649,fiona360@test.org,12.61,txn_100648,2026-05-03
10650,kai167@mail.com,64.94,txn_100649,2026-01-09
10651,sybil327@example.com,12.85,txn_100650,2026-03-29
10652,kevin165@test.org,145.65,txn_100651,2026-01-24
10653,victor629@inbox.io,164.54,txn_100652,2026-04-21
10654,pia622@mail.com,98.85,txn_100653,2026-01-26
10655,victor998@mail.com,57.29,txn_100654,2026-07-04
10656,uri272@inbox.io,27.31,txn_100655,2026-01-25
10657,david586@test.org,41.82,txn_100656,2026-01-14
10658,xander438@example.com,66.79,txn_100657,2026-06-10
10659,miles205@test.org,20.52,txn_100658,2026-06-13
10660,sybil485@example.com,117.0,txn_100659,2026-04-12
10661,eli917@test.org,11.84,txn_100660,2026-05-20
10662,yasmin380@mail.com,124.33,txn_100661,2026-04-25
10663,charlie451@shop.net,21.97,txn_100662,2026-03-10
10664,kai155@example.com,160.1,txn_100663,2026-01-22
10665,quinn828@shop.net,77.8,txn_100664,2026-05-31
10666,oscar63@inbox.io,178.21,txn_100665,2026-04-18
10667,iris587@test.org,137.15,txn_100666,2026-01-21
10668,zach515@example.com,43.76,txn_100667,2026-05-27
10669,ray151@inbox.io,61.79,txn_100668,2026-02-14
10670,kevin828@mail.com,8.2,txn_100669,2026-01-21
10671,ray207@test.org,1440.84,txn_100670,2026-06-02
10672,quentin933@shop.net,176.88,txn_100671,2026-01-23
10673,yasmin407@inbox.io,69.25,txn_100672,2026-05-14
10674,drew806@example.com,150.51,txn_100673,2026-07-20
10675,aria425@example.com,47.49,txn_100674,2026-05-30
10676,wren948@example.com,63.47,txn_100675,2026-03-15
10677,iris899@shop.net,33.73,txn_100676,2026-05-05
10678,kai485@inbox.io,25.66,txn_100677,2026-02-06
10679,nora698@inbox.io,7.91,txn_100678,2026-03-26
10680,sam51@mail.com,190.5,txn_100679,2026-04-06
10681,bob838@shop.net,117.31,txn_100680,2026-05-06
10682,sam996@example.com,96.13,txn_100681,2026-07-10
10683,casey276@shop.net,152.6,txn_100682,2026-01-23
10684,mallory217@test.org,322.15,txn_100683,2026-05-05
10685,wren889@inbox.io,9.22,txn_100684,2026-02-10
10686,eve727@shop.net,15.17,txn_100685,2026-05-15
10687,kai178@example.com,67.47,txn_100686,2026-01-15
10688,peggy468@example.com,32.03,txn_100687,2026-02-20
10689,romeo844@shop.net,34.77,txn_100688,2026-02-01
10690,ray248@example.com,49.55,txn_100689,2026-02-15
10691,eli565@inbox.io,17.26,txn_100690,2026-03-08
10692,val292@example.com,8.72,txn_100691,2026-05-27
10693,zoe878@mail.com,21.88,txn_100692,2026-02-22
10694,romeo526@test.org,63.52,txn_100693,2026-07-16
10695,ray486@example.com,394.21,txn_100694,2026-06-03
10696,alice259@mail.com,75.73,txn_100695,2026-07-02
10697,tara434@shop.net,182.19,txn_100696,2026-04-28
10698,quentin478@mail.com,44.05,txn_100697,2026-06-09
10699,zach105@inbox.io,79.96,txn_100698,2026-04-06
10700,jude624@inbox.io,56.33,txn_100699,2026-05-04
10701,eve284@shop.net,69.61,txn_100700,2026-03-08
10702,pia193@shop.net,62.41,txn_100701,2026-01-15
10703,miles677@test.org,15.49,txn_100702,2026-01-07
10704,pia303@test.org,36.39,txn_100703,2026-04-10
10705,val598@example.com,148.65,txn_100704,2026-02-18
10706,victor703@mail.com,63.87,txn_100705,2026-06-21
10707,wendy308@inbox.io,180.88,txn_100706,2026-05-23
10708,laura100@shop.net,60.57,txn_100707,2026-07-05
10709,jude970@mail.com,30.17,txn_100708,2026-01-23
10710,oscar229@shop.net,116.85,txn_100709,2026-03-26
10711,xander600@shop.net,68.84,txn_100710,2026-05-01
10712,david595@inbox.io,221.36,txn_100711,2026-02-19
10713,gabe889@example.com,44.74,txn_100712,2026-04-16
10714,david141@mail.com,1014.0,txn_100713,2026-05-26
10715,drew324@mail.com,101.64,txn_100714,2026-01-21
10716,fiona647@shop.net,970.12,txn_100715,2026-01-15
10717,alice281@test.org,63.02,txn_100716,2026-05-28
10718,wren502@mail.com,173.57,txn_100717,2026-02-03
10719,nora649@test.org,37.18,txn_100718,2026-05-03
10720,yasmin39@example.com,59.8,txn_100719,2026-01-04
10721,uma196@inbox.io,5.31,txn_100720,2026-07-07
10722,peggy711@mail.com,117.45,txn_100721,2026-01-27
10723,yasmin603@inbox.io,9.9,txn_100722,2026-01-12
10724,trent467@shop.net,151.56,txn_100723,2026-03-28
10725,blake351@mail.com,1235.27,txn_100724,2026-07-12
10726,mallory971@mail.com,443.6,txn_100725,2026-01-05
10727,oscar745@mail.com,816.79,txn_100726,2026-06-06
10728,luna174@inbox.io,58.33,txn_100727,2026-01-10
10729,yasmin790@shop.net,8.64,txn_100728,2026-01-13
10730,quinn670@example.com,85.79,txn_100729,2026-01-30
10731,aria390@test.org,23.96,txn_100730,2026-06-29
10732,judy712@mail.com,5.7,txn_100731,2026-04-18
10733,quinn679@example.com,51.71,txn_100732,2026-06-29
10734,ivan851@test.org,141.39,txn_100733,2026-06-08
10735,heidi117@shop.net,139.73,txn_100734,2026-06-05
10736,mallory852@shop.net,20.13,txn_100735,2026-06-30
10737,aria165@shop.net,,txn_100736,2026-02-23
10738,sam339@test.org,5.96,txn_100737,2026-01-23
10739,heidi686@inbox.io,76.21,txn_100738,2026-07-19
10740,gabe741@example.com,188.57,txn_100739,2026-06-14
10741,oscar304@test.org,8.76,txn_100740,2026-02-14
10742,charlie369@shop.net,117.52,txn_100741,2026-07-09
10743,heidi872@example.com,85.51,txn_100742,2026-02-05
10744,quinn337@mail.com,37.83,txn_100743,2026-06-09
10745,romeo382@example.com,101.94,txn_100744,2026-04-13
10746,zach279@test.org,162.79,txn_100745,2026-05-03
10747,aria116@mail.com,59.48,txn_100746,2026-02-10
10748,grace934@test.org,65.17,txn_100747,2026-06-23
10749,casey626@mail.com,31.89,txn_100748,2026-01-08
10750,ray495@mail.com,233.88,txn_100749,2026-04-16
10751,casey65@example.com,28.57,txn_100750,2026-06-30
10752,ray786@inbox.io,166.85,txn_100751,2026-02-27
10753,quinn532@shop.net,57.54,txn_100752,2026-01-25
10754,blake494@mail.com,55.72,txn_100753,2026-04-09
10755,judy914@inbox.io,581.85,txn_100754,2026-06-14
10756,kevin870@inbox.io,42.19,txn_100755,2026-02-12
10757,eve329@test.org,77.76,txn_100756,2026-01-13
10758,gabe564@mail.com,35.25,txn_100757,2026-03-02
10759,frank455@test.org,133.77,txn_100758,2026-05-08
10760,casey122@shop.net,1617.86,txn_100759,2026-01-05
10761,grace423@test.org,46.18,txn_100760,2026-01-24
10762,miles653@inbox.io,43.13,txn_100761,2026-02-22
10763,pia974@test.org,66.9,txn_100762,2026-02-27
10764,drew574@shop.net,151.99,txn_100763,2026-07-03
10765,quinn734@shop.net,12.31,txn_100764,2026-06-18
10766,oscar350@example.com,52.52,txn_100765,2026-03-16
10767,jude383@inbox.io,85.49,txn_100766,2026-02-12
10768,fiona842@mail.com,166.59,txn_100767,2026-01-28
10769,quentin201@inbox.io,74.77,txn_100768,2026-04-11
10770,nina845@test.org,166.01,txn_100769,2026-01-28
10771,wren48@test.org,451.24,txn_100770,2026-05-31
10772,heidi469@test.org,76.71,txn_100771,2026-02-04
10773,fiona544@example.com,146.39,txn_100772,2026-04-21
10774,luna947@test.org,74.09,txn_100773,2026-02-15
10775,sam178@inbox.io,95.41,txn_100774,2026-04-10
10776,quinn621@inbox.io,140.49,txn_100775,2026-04-09
10777,aria938@inbox.io,23.62,txn_100776,2026-04-12
10778,victor464@shop.net,96.58,txn_100777,2026-06-04
10779,sam307@inbox.io,145.74,txn_100778,2026-03-22
10780,tara648@inbox.io,20.73,txn_100779,2026-07-02
10781,sybil944@shop.net,78.6,txn_100780,2026-06-16
10782,laura556@inbox.io,29.18,txn_100781,2026-01-30
10783,wren576@shop.net,47.8,txn_100782,2026-06-20
10784,tara691@test.org,180.97,txn_100783,2026-03-15
10785,blake536@example.com,33.57,txn_100784,2026-01-14
10786,quinn205@example.com,63.91,txn_100785,2026-03-15
10787,ray150@shop.net,162.87,txn_100786,2026-03-17
10788,nina34@inbox.io,38.94,txn_100787,2026-06-07
10789,ray886@inbox.io,53.53,txn_100788,2026-04-10
10790,peggy804@inbox.io,163.54,txn_100789,2026-06-27
10791,quinn949@example.com,36.24,txn_100790,2026-06-25
10792,uma56@inbox.io,23.85,txn_100791,2026-06-08
10793,zoe850@test.org,52.53,txn_100792,2026-07-01
10794,pia774@shop.net,60.38,txn_100793,2026-02-20
10795,zoe302@mail.com,78.76,txn_100794,2026-01-20
10796,laura753@mail.com,33.29,txn_100795,2026-04-20
10797,romeo271@inbox.io,48.8,txn_100796,2026-03-07
10798,alice478@shop.net,98.58,txn_100797,2026-02-09
10799,uma53@inbox.io,155.04,txn_100798,2026-06-19
10800,trent809@test.org,31.86,txn_100799,2026-07-20
10801,tara539@shop.net,,txn_100800,2026-01-18
10802,gabe426@mail.com,35.26,txn_100801,2026-03-31
10803,oscar680@mail.com,32.06,txn_100802,2026-02-25
10804,wren544@inbox.io,47.1,txn_100803,2026-07-12
10805,pia118@example.com,38.43,txn_100804,2026-06-14
10806,nora250@inbox.io,404.77,txn_100805,2026-03-24
10807,yasmin396@example.com,59.3,txn_100806,2026-01-07
10808,harper527@shop.net,133.47,txn_100807,2026-01-12
10809,sybil329@mail.com,76.12,txn_100808,2026-02-12
10810,zoe547@inbox.io,9.91,txn_100809,2026-06-21
10811,owen886@mail.com,-17.11,txn_100810,2026-02-22
10812,iris663@test.org,88.65,txn_100811,2026-06-25
10813,judy471@example.com,84.55,txn_100812,2026-01-19
10814,david814@mail.com,10.28,txn_100813,2026-02-28
10815,quentin398@test.org,35.33,txn_100814,2026-03-22
10816,bob690@test.org,5.44,txn_100815,2026-07-04
10817,nora775@example.com,85.46,txn_100816,2026-01-19
10818,wendy109@inbox.io,56.44,txn_100817,2026-06-05
10819,frank784@shop.net,314.42,txn_100818,2026-06-19
10820,bob161@test.org,15.23,txn_100819,2026-04-11
10821,iris984@shop.net,27.35,txn_100820,2026-07-06
10822,pia981@shop.net,366.06,txn_100821,2026-05-23
10823,judy43@example.com,49.75,txn_100822,2026-05-18
10824,jude313@example.com,60.61,txn_100823,2026-07-05
10825,wendy423@mail.com,455.44,txn_100824,2026-02-06
10826,kevin227@mail.com,23.96,txn_100825,2026-01-30
10827,laura873@inbox.io,61.33,txn_100826,2026-05-21
10828,drew75@inbox.io,10.05,txn_100827,2026-01-26
10829,mallory499@inbox.io,307.14,txn_100828,2026-06-21
10830,pia103@mail.com,10.24,txn_100829,2026-02-19
10831,uma462@test.org,54.46,txn_100830,2026-06-27
10832,luna580@mail.com,65.58,txn_100831,2026-04-20
10833,kevin321@example.com,21.61,txn_100832,2026-07-09
10834,pia284@test.org,96.12,txn_100833,2026-07-07
10835,victor474@test.org,63.11,txn_100834,2026-05-05
10836,jude180@example.com,11.15,txn_100835,2026-03-13
10837,ivan202@inbox.io,71.48,txn_100836,2026-01-20
10838,uri914@example.com,43.04,txn_100837,2026-01-08
10839,luna415@inbox.io,105.53,txn_100838,2026-01-10
10840,jude557@shop.net,144.76,txn_100839,2026-06-17
10841,zoe375@mail.com,71.86,txn_100840,2026-05-31
10842,uri138@shop.net,43.28,txn_100841,2026-04-12
10843,xander11@inbox.io,68.6,txn_100842,2026-06-07
10844,ray776@mail.com,38.47,   ,2026-02-15
10845,kai676@inbox.io,97.54,txn_100844,2026-07-07
10846,eli42@shop.net,41.57,txn_100845,2026-01-17
10847,quentin240@shop.net,20.51,txn_100846,2026-04-03
10848,yasmin940@test.org,8.48,txn_100847,2026-06-16
10849,uma721@example.com,390.07,txn_100848,2026-03-12
10850,val593@shop.net,18.04,txn_100849,2026-06-17
10851,yasmin602@shop.net,67.66,txn_100850,2026-05-13
10852,quentin997@test.org,354.91,txn_100851,2026-04-01
10853,wendy812@test.org,50.32,txn_100852,2026-05-09
10854,ivan170@test.org,43.59,txn_100853,2026-03-13
10855,nina192@mail.com,50.15,txn_100854,2026-01-31
10856,quinn425@mail.com,166.43,txn_100855,2026-05-04
10857,ray491@test.org,17.09,txn_100856,2026-04-16
10858,bob45@mail.com,49.43,txn_100857,2026-02-04
10859,owen41@inbox.io,97.62,txn_100858,2026-02-12
10860,quentin530@mail.com,379.81,txn_100859,2026-05-25
10861,owen900@example.com,0,txn_100860,2026-03-14
10862,,40.36,txn_100861,2026-05-04
10863,kevin851@mail.com,15.7,txn_104117,2026-05-30
10864,zoe639@mail.com,24.84,txn_100863,2026-07-05
10865,ray945@shop.net,-50.4,txn_100864,2026-02-28
10866,yasmin136@test.org,20.18,txn_100865,2026-05-10
10867,ray847@test.org,,txn_100866,2026-05-02
10868,nora40@inbox.io,143.77,txn_100207,2026-07-12
10869,heidi494@example.com,72.65,txn_100868,2026-05-19
10870,alice535@test.org,70.61,txn_100869,2026-06-28
10871,harper235@test.org,344.64,txn_100870,2026-07-16
10872,yasmin604@shop.net,188.94,txn_100871,2026-06-28
10873,kai436@example.com,40.79,txn_100872,2026-03-01
10874,frank613@shop.net,129.04,txn_100873,2026-02-18
10875,alice592@example.com,43.98,txn_100874,2026-04-07
10876,pia705@mail.com,129.06,txn_100875,2026-01-28
10877,judy668@test.org,24.6,txn_100876,2026-05-18
10878,blake375@inbox.io,79.38,txn_100877,2026-04-12
13499,wren424@mail.com,46.82,txn_100878,2026-02-15
10880,xander569@inbox.io,79.14,txn_100879,2026-05-28
10881,wendy754@test.org,69.79,txn_100880,2026-01-31
10882,val458@mail.com,193.91,txn_100881,2026-01-26
10883,nina411@inbox.io,176.1,txn_100882,2026-06-07
10884,sam165@example.com,52.69,txn_100883,2026-01-24
10885,judy949@test.org,11.61,txn_100884,2026-03-09
10886,oscar82@shop.net,59.34,txn_100885,2026-04-13
10887,nora294@inbox.io,151.7,txn_100886,2026-07-18
10888,laura450@test.org,68.79,txn_100887,2026-05-13
10889,sybil35@mail.com,141.27,txn_100888,28/06/2026
10890,oscar174@inbox.io,31.98,txn_100889,2026-06-17
10891,alice89@mail.com,1669.51,txn_100890,2026-04-01
10892,quinn416@test.org,43.83,txn_100891,2026-07-08
10893,tara942@example.com,26.34,txn_100892,2026-05-24
10894,luna356@shop.net,282.95,txn_100893,2026-06-05
10895,mallory953@test.org,5.35,txn_100894,2026-02-14
10896,aria110@inbox.io,42.74,txn_100895,2026-03-29
10897,heidi980@inbox.io,45.34,txn_100896,2026-05-28
10898,quentin990@test.org,41.27,txn_100897,2026-03-04
10899,wren985@shop.net,161.79,txn_100898,2026-05-31
10900,bob120@test.org,33.7,txn_100899,2026-02-26
10901,ray820@mail.com,76.66,txn_100900,2026-05-13
10902,iris718@example.com,109.79,txn_100901,2026-01-24
10903,zach78@shop.net,18.39,txn_100902,2026-03-22
10904,wendy916@mail.com,18.71,txn_100903,2026-07-11
10905,ray511@mail.com,108.18,txn_100904,2026-03-03
10906,quentin235@mail.com,23.73,txn_100905,2026-06-08
10907,wendy798@mail.com,74.01,txn_100906,2026-06-23
10908,quinn629@test.org,69.28,txn_100907,2026-01-11
10909,eli636@shop.net,72.36,txn_100908,2026-05-28
10910,romeo188@test.org,1874.01,txn_100909,2026-03-13
10911,zach769@mail.com,9.06,txn_100910,2026-04-19
10912,eli34@inbox.io,34.53,txn_100911,2026-06-25
10913,zoe469@mail.com,1547.37,txn_100912,2026-04-28
10914,uma13@example.com,33.46,txn_100913,2026-01-26
10915,uma628@shop.net,102.46,txn_100914,2026-03-09
10916,peggy483@shop.net,302.93,txn_100915,2026-02-17
10917,fiona216@test.org,61.41,txn_100916,2026-04-04
10918,zach462@shop.net,14.84,txn_100917,2026-05-28
10919,ray834@mail.com,25.25,txn_100918,2026-03-02
10920,jude877@test.org,15.94,txn_100919,2026-07-09
10921,judy826@test.org,36.61,txn_100920,2026-02-04
10922,owen547@inbox.io,174.24,txn_100921,2026-03-18
10923,quentin880@inbox.io,34.88,txn_100922,2026-06-26
10924,kevin221@example.com,137.18,txn_100923,2026-06-11
10925,grace763@test.org,32.07,txn_100924,2026-05-24
10926,jude353@shop.net,14.09,txn_100925,2026-06-23
10927,miles591@mail.com,53.68,txn_100926,2026-02-14
10928,zoe364@shop.net,43.28,txn_100927,2026-07-18
10929,val911@test.org,51.02,txn_100928,2026-04-29
10930,owen890@mail.com,65.58,txn_100929,2026-03-28
10931,aria586@inbox.io,73.03,txn_100930,2026-01-21
10932,kevin234@shop.net,53.98,txn_100931,2026-07-01
10933,romeo661@inbox.io,71.58,txn_100932,2026-07-19
10934,xander534@inbox.io,324.2,txn_100933,2026-02-17
10935,bob746@mail.com,23.87,txn_100934,2026-07-10
10936,sam216@example.com,12.73,txn_100935,2026-01-17
10937,eli56@inbox.io,34.78,txn_100936,2026-07-15
10938,frank269@example.com,11.32,txn_100937,2026-04-10
10939,trent254@mail.com,133.18,txn_100938,2026-02-02
10940,ivan859@inbox.io,7.64,txn_100939,2026-04-02
10941,uma479@test.org,1310.88,txn_100940,2026-03-11
10942,jude139@test.org,409.29,txn_100941,2026-02-15
10943,luna468@inbox.io,52.69,txn_100942,2026-05-25
10944,blake656@inbox.io,28.22,txn_100943,2026-03-30
10945,eli233@inbox.io,133.02,txn_100944,2026-04-04
10946,aria160@shop.net,5.01,txn_100945,2026-07-14
10947,ivan294@shop.net,5.62,txn_100946,2026-05-06
10948,wren307@test.org,37.28,txn_100947,2026-03-16
10949,miles816@mail.com,33.02,txn_100948,2026-04-16
10950,jude405@test.org,58.62,txn_100949,2026-06-15
10951,yasmin226@test.org,36.67,txn_100950,2026-03-03
10952,harper827@inbox.io,25.39,txn_100951,2026-06-16
10953,val829@inbox.io,19.1,txn_100952,2026-01-18
10954,laura297@mail.com,39.15,txn_100953,2026-04-26
10955,romeo504@inbox.io,6.45,txn_100954,2026-01-13
10956,iris191@example.com,923.17,txn_100955,2026-02-02
10957,tara745@test.org,11.76,txn_100956,2026-01-04
10958,fiona351@mail.com,63.93,txn_100957,2026-05-08
10959,xander714@test.org,119.63,txn_100958,2026-07-12
10960,judy273@example.com,88.57,txn_100959,2026-05-01
10961,laura918@mail.com,178.07,txn_100960,2026-01-04
10962,heidi395@mail.com,133.16,txn_100961,2026-07-08
10963,charlie472@mail.com,91.28,txn_100962,2026-06-20
10964,nina399@test.org,28.41,txn_100963,2026-03-24
10965,kevin763@example.com,356.28,txn_100964,2026-03-06
10966,eli204@shop.net,8.91,txn_100965,2026-06-20
10967,nina242@example.com,29.34,txn_100966,2026-02-12
10968,romeo123@inbox.io,23.23,txn_100967,2026-01-11
10969,luna705@test.org,32.85,txn_100968,2026-01-23
10970,peggy512@mail.com,51.4,txn_100969,2026-07-14
10971,owen62@example.com,16.54,txn_100970,2026-05-18
10972,grace500@mail.com,78.63,txn_100971,2026-06-15
10973,wren825@shop.net,167.98,txn_100972,2026-01-06
10974,sam367@test.org,110.08,txn_100973,2026-01-11
10975,fiona573@test.org,57.28,txn_100974,2026-02-18
10976,kai557@mail.com,59.93,txn_100975,2026-03-12
10977,miles165@inbox.io,16.63,txn_100976,2026-03-17
10978,quentin376@inbox.io,63.19,txn_100977,2026-05-10
10979,yasmin905@mail.com,69.26,txn_100978,2026-07-18
10980,nora329@mail.com,158.99,txn_100979,2026-05-18
10981,yasmin537@mail.com,62.43,txn_100980,2026-02-09
10982,nora331@shop.net,29.15,txn_100981,2026-01-25
10983,harper45@example.com,95.57,txn_100982,2026-01-09
10984,mallory498@example.com,7.39,txn_100983,2026-06-14
10985,yasmin539@test.org,49.27,txn_100984,2026-01-13
10986,xander621@mail.com,81.57,txn_100985,2026-02-23
10987,pia951@test.org,89.59,txn_100986,2026-06-13
10988,david572@shop.net,186.85,txn_100987,2026-04-05
10989,tara844@example.com,44.68,txn_100988,2026-07-07
10990,eve80@shop.net,488.18,txn_100989,2026-01-25
10991,grace545@mail.com,19.48,txn_100990,2026-06-18
10992,peggy641@inbox.io,367.53,txn_100991,2026-05-23
10993,aria785@example.com,31.85,txn_100992,2026-04-28
10994,sam905@test.org,64.43,txn_100993,2026-05-21
10995,zach346@inbox.io,45.04,txn_100994,2026-06-03
10996,casey925@shop.net,79.36,txn_100995,2026-03-25
10997,xander783@test.org,66.96,txn_100996,2026-03-24
10998,miles577@mail.com,33.13,txn_100997,2026-05-21
10999,val369@shop.net,334.25,txn_100998,2026-04-12
11000,alice292@example.com,43.82,txn_100999,2026-03-19
11001,alice228@shop.net,28.62,txn_101000,2026-07-17
11002,sam942@shop.net,46.72,txn_101001,2026-05-27
11003,judy39@example.com,16.71,txn_101002,2026-03-09
11004,xander256@inbox.io,65.83,txn_101003,2026-01-24
11005,kai583@test.org,420.28,txn_101004,2026-07-05
11006,uma178@test.org,72.43,txn_101005,2026-06-29
11007,kai610@example.com,7.8,txn_101006,2026-05-28
11008,yasmin799@example.com,62.82,txn_101007,2026-03-31
11009,blake953@test.org,184.37,txn_101008,2026-02-28
11010,val951@inbox.io,63.31,txn_101009,2026-04-08
11011,david537@shop.net,45.49,txn_101010,2026-02-08
11012,uma715@inbox.io,8.79,txn_101011,2026-07-07
11013,zach771@test.org,42.85,txn_101012,2026-02-26
11014,blake806@shop.net,14.91,txn_101013,2026-01-22
11015,eli764@inbox.io,34.94,txn_101014,2026-01-22
11016,zach445@inbox.io,95.65,txn_101015,2026-02-04
11017,eli203@inbox.io,53.92,txn_101016,2026-02-20
11018,jude754@inbox.io,23.17,txn_101017,2026-03-10
11019,zoe332@test.org,48.2,txn_101018,2026-01-29
11020,quinn434@test.org,19.29,txn_101019,2026-03-30
11021,miles789@example.com,79.07,txn_101020,2026-06-07
11022,casey150@inbox.io,74.32,txn_101021,2026-03-01
11023,mallory160@shop.net,182.33,txn_101022,2026-01-29
11024,val249@example.com,478.02,txn_101023,2026-03-15
11025,alice711@shop.net,116.61,txn_101024,2026-05-01
11026,bob215@shop.net,105.43,txn_101025,2026-05-20
11027,harper562@shop.net,59.74,txn_101026,2026-02-06
11028,sam386@example.com,54.76,txn_101027,2026-01-12
11029,quentin62@mail.com,64.19,txn_101028,2026-06-08
11030,romeo477@example.com,5.63,txn_101029,2026-04-10
11031,quinn679@shop.net,159.21,txn_101030,2026-01-28
11032,bob889@shop.net,126.38,txn_101031,2026-04-08
11033,gabe926@example.com,70.01,txn_101032,2026-05-17
11034,frank204@mail.com,39.35,txn_101033,2026-07-02
11035,bob254@example.com,291.48,txn_101034,2026-05-06
11036,zach19@mail.com,31.39,txn_101035,2026-06-10
11037,trent514@mail.com,9.65,txn_101036,2026-03-07
11038,yasmin967@example.com,26.01,txn_101037,2026-02-08
11039,victor673@test.org,59.74,txn_101038,2026-05-14
11040,ray894@inbox.io,22.06,txn_101039,2026-03-03
11041,kai437@mail.com,1864.6,txn_101040,2026-03-26
11042,casey135@inbox.io,15.39,txn_101041,2026-05-19
11043,ray884@mail.com,56.64,txn_101042,2026-05-15
11044,ivan931@test.org,717.73,txn_101043,2026-05-25
11045,kevin70@shop.net,76.15,txn_101044,2026-01-31
11046,laura860@shop.net,167.25,txn_101045,2026-07-15
11047,uma985@test.org,38.23,txn_101046,2026-06-13
11048,val156@shop.net,92.81,txn_101047,2026-02-17
11049,bob632@inbox.io,47.53,txn_101048,2026-03-01
11050,miles237@mail.com,31.94,txn_102650,2026-06-26
11051,zoe138@test.org,50.35,txn_101050,2026-07-02
11052,pia189@shop.net,138.97,txn_101051,2026-02-05
11053,kevin232@mail.com,62.34,txn_101052,2026-01-04
11054,romeo228@test.org,198.59,txn_101053,2026-07-13
11055,nina182@example.com,495.69,txn_101054,2026-06-07
11056,fiona888@shop.net,23.51,txn_101055,2026-04-14
11057,zoe623@example.com,125.64,txn_101056,2026-03-22
11058,zach962@inbox.io,151.26,txn_101057,2026-05-15
11059,pia534@example.com,39.27,txn_101058,2026-01-11
11060,peggy551@inbox.io,60.14,txn_101059,2026-05-23
11061,yasmin784@inbox.io,8.7,txn_101060,2026-03-16
11062,casey906@test.org,67.07,txn_101061,2026-04-29
11063,kevin302@test.org,9.09,txn_101062,2026-05-13
11064,judy850@test.org,11.78,txn_101063,2026-05-09
11065,heidi798@mail.com,72.07,txn_101064,2026-05-20
11066,ivan424@test.org,6.87,txn_101065,2026-04-27
11067,,23.76,txn_101066,2026-06-27
11068,pia736@mail.com,90.94,txn_101067,2026-06-30
11069,casey88@shop.net,33.81,txn_101068,2026-05-11
11070,nora388@mail.com,8.29,txn_101069,2026-02-13
11071,victor893@inbox.io,16.26,txn_101070,2026-02-07
11072,laura430@example.com,59.76,txn_101071,2026-04-25
11073,sybil121@mail.com,195.25,txn_101072,2026-01-01
11074,nora13@shop.net,69.16,txn_101073,2026-05-20
11075,alice904inbox.io,21.27,txn_101074,2026-06-18
11076,eli420+personal@test.org,50.09,txn_101075,2026-01-02
11077,peggy285@inbox.io,46.82,txn_101076,2026-02-23
11078,david152@mail.com,31.18,txn_101077,2026-02-07
11079,charlie859@inbox.io,29.83,txn_101078,2026-01-23
11080,david427@example.com,742.0,txn_101079,2026-03-14
11081,nora587@inbox.io,101.29,txn_101080,2026-04-27
11082,val369@inbox.io,227.94,txn_101081,2026-03-18
11083,uma920@shop.net,10.08,txn_101082,2026-04-20
11084,jude300@example.com,14.15,txn_101083,2026-03-12
11085,victor424@inbox.io,57.19,txn_101084,2026-06-06
11086,david586@example.com,155.48,txn_101085,2026-01-23
11087,eli957@inbox.io,164.82,txn_101086,2026-04-20
11088,miles266@shop.net,79.63,txn_101087,2026-04-01
11089,ivan577@inbox.io,59.69,txn_101088,2026-05-08
11090,fiona905@mail.com,58.14,txn_101089,2026-02-19
11091,alice25@example.com,64.75,txn_101090,2026-07-08
11092,nina425@inbox.io,30.03,txn_101091,2026-05-24
11093,owen12@mail.com,56.75,txn_101092,2026-03-07
11094,eve308@shop.net,29.29,txn_101093,2026-01-02
11095,heidi350@shop.net,47.67,txn_101094,2026-01-08
11096,laura339@mail.com,190.67,txn_101095,2026-05-03
11097,eli662@example.com,16.65,txn_101096,2026-04-28
11098,iris474@shop.net,129.67,txn_101097,2026-07-10
11099,david307@inbox.io,55.86,txn_101098,2026-05-23
11100,iris214@example.com,29.88,txn_101099,2026-04-01
11101,eve288@mail.com,120.7,txn_101100,2026-04-07
11102,owen863@inbox.io,50.43,txn_101101,2026-02-17
11103,miles886@example.com,116.99,txn_101102,2026-03-22
11104,tara279@example.com,42.28,txn_101103,2026-03-02
11105,xander850@test.org,264.84,txn_101104,2026-03-19
11106,laura384@example.com,-16.96,txn_101105,2026-01-24
11107,casey26@inbox.io,188.59,txn_101106,2026-02-09
11108,mallory946@shop.net,70.54,txn_101107,2026-03-21
11109,zoe147@shop.net,91.79,txn_101108,2026-05-13
11110,ray211@mail.com,135.12,txn_101109,2026-07-02
11111,harper5@example.com,8.3,txn_101110,2026-06-02
11112,frank479@shop.net,92.37,txn_101111,2026-07-16
11113,quinn24@shop.net,28.41,txn_101112,2026-02-23
11114,uma198@mail.com,44.92,txn_101113,2026-07-17
11115,casey280@example.com,25.52,txn_101114,2026-01-04
11116,nora527@inbox.io,45.69,txn_101115,2026-05-21
11117,uma145@shop.net,441.2,txn_101116,2026-05-27
11118,peggy73@mail.com,71.92,txn_101117,2026-05-19
11119,casey134@example.com,72.75,txn_101118,2026-01-13
11120,grace56@test.org,34.39,txn_101119,2026-06-30
11121,miles645@inbox.io,163.92,txn_101120,2026-06-07
11122,wendy341@shop.net,165.55,txn_101121,2026-06-21
11123,iris998@example.com,429.33,txn_101122,2026-05-26
11124,ivan833@example.com,163.83,txn_101123,2026-01-25
11125,drew701@shop.net,62.49,txn_101124,2026-05-01
11126,oscar148@mail.com,154.03,txn_101125,2026-04-04
11127,zach717@mail.com,299.1,txn_101126,2026-03-25
11128,drew31@test.org,13.47,txn_101127,2026-05-03
11129,drew290@mail.com,152.53,txn_101128,2026-02-02
11130,gabe416@example.com,175.61,txn_101129,2026-03-25
11131,jude812@example.com,39.57,txn_101130,2026-06-01
11132,aria636@mail.com,16.93,txn_101131,2026-05-04
11133,yasmin349@example.com,57.05,txn_101132,2026-04-21
11134,blake807@inbox.io,57.06,txn_101133,2026-02-14
11135,quinn758@example.com,372.26,txn_101134,2026-05-05
11136,heidi611@inbox.io,1.15,txn_101135,2026-04-24
11137,laura979@shop.net,49.87,txn_101136,2026-06-25
11138,miles336@test.org,54.51,txn_101137,2026-01-24
11139,nina909@mail.com,61.62,txn_101138,2026-01-01
11140,wren677@mail.com,44.84,txn_101139,2026-04-10
11141,nora458@inbox.io,56.11,txn_101140,2026-03-23
11142,trent814@inbox.io,291.37,txn_101141,2026-04-22
11143,tara92@shop.net,50.86,txn_101142,2026-05-11
11144,zach873@mail.com,32.69,txn_101143,2026-05-21
11145,david721@example.com,78.4,txn_101144,2026-01-29
11146,sybil241@example.com,49.26,txn_101145,2026-06-10
11147,uma416@test.org,45.88,txn_101146,2026-06-19
11148,laura143@test.org,33.84,txn_101147,2026-04-03
11149,aria296@mail.com,1505.1,txn_101148,2026-02-04
11150,alice664@example.com,59.1,txn_101149,2026-05-05
11151,quinn999@test.org,627.0,txn_101150,2026-06-14
11152,aria916@test.org,152.53,txn_101151,2026-04-19
11153,nora466@mail.com,46.4,txn_101152,2026-04-26
11154,yasmin232@shop.net,50.34,txn_101153,2026-05-28
11155,fiona730@mail.com,35.81,txn_101154,2026-05-20
11156,kai35@shop.net,1352.22,txn_101155,2026-06-30
11157,xander595@example.com,56.79,txn_101156,2026-02-06
11158,uri880@inbox.io,1668.3,txn_101157,2026-04-30
11159,harper536@example.com,90.61,txn_101158,2026-05-01
11160,owen701@example.com,64.86,txn_101159,2026-03-21
11161,nora926@example.com,63.39,txn_101160,2026-05-01
11162,drew928@inbox.io,60.04,txn_101161,2026-04-18
11163,wendy297@shop.net,57.13,txn_101162,2026-06-02
11164,val745@shop.net,111.25,txn_101163,2026-06-11
11165,eli174@inbox.io,54.22,txn_101164,2026-03-16
11166,val28@inbox.io,11.19,txn_101165,2026-05-10
11167,eve259@shop.net,26.07,txn_101166,2026-03-07
11168,alice619@example.com,49.38,txn_101167,2026-02-08
11169,quinn379@test.org,111.35,txn_101168,2026-06-29
11170,peggy186@test.org,183.44,txn_101169,2026-03-29
11171,frank610@mail.com,246.25,txn_101170,2026-05-07
11172,wren789@test.org,54.55,txn_101171,2026-07-05
11173,owen216@mail.com,68.14,txn_101172,2026-01-14
11174,pia774@shop.net,86.3,txn_101173,2026-04-29
11175,zach309@test.org,76.12,txn_101174,2026-05-17
11176,oscar700@test.org,136.95,txn_101175,2026-02-07
11177,harper13@test.org,64.8,txn_101176,2026-04-08
11178,ray985@shop.net,76.69,txn_101177,2026-01-25
11179,iris980@shop.net,153.26,txn_101178,2026-06-16
11180,romeo277@shop.net,12.37,txn_101179,2026-06-17
11181,luna473@test.org,169.89,txn_101180,2026-07-07
11182,ray789@inbox.io,30.31,txn_101181,2026-06-26
11183,laura561@shop.net,5.64,txn_101182,2026-01-18
11184,alice101@test.org,56.41,txn_101183,2026-03-31
11185,oscar258@shop.net,6.78,txn_101184,2026-01-24
11186,david673@inbox.io,106.02,txn_101185,2026-06-03
11187,owen726@example.com,225.92,txn_101186,2026-06-04
11188,ivan673@test.org,157.75,txn_101187,2026-02-17
11189,heidi260@mail.com,54.54,txn_101188,2026-01-20
11190,owen945@test.org,1654.04,txn_101189,2026-06-27
11191,quinn264@shop.net,10.55,txn_101190,2026-07-18
11192,david398@test.org,9.5,txn_101191,2026-03-09
11193,laura72@test.org,74.64,txn_101192,2026-06-06
11194,zach661@mail.com,15.79,txn_101193,2026-07-16
11195,blake629@mail.com,73.45,txn_101194,2026-07-03
11196,quentin36@example.com,47.85,txn_101195,2026-03-06
11197,zoe20@test.org,97.86,txn_101196,2026-06-13
11198,alice681@example.com,16.37,txn_101197,2026-03-26
11199,zach4@inbox.io,75.49,txn_101198,2026-05-06
11200,eli414@test.org,173.71,txn_101199,2026-01-18
11201,iris4@mail.com,56.69,txn_101200,2026-07-19
11202,eli581@example.com,79.37,txn_101201,2026-03-27
11203,ray411@shop.net,79.78,txn_101202,2026-06-15
11204,frank548@shop.net,120.81,txn_101203,2026-04-28
11205,wren664@shop.net,46.59,txn_101204,2026-04-09
11206,quinn307@mail.com,72.23,txn_101205,2026-06-11
11207,sam499@shop.net,52.46,txn_101206,2026-07-08
11208,mallory37@mail.com,58.98,txn_101207,2026-06-01
11209,peggy399@test.org,45.54,txn_101208,2026-03-20
11210,fiona989@inbox.io,133.92,txn_101209,2026-01-05
11211,charlie58@shop.net,59.08,txn_101210,2026-04-14
11212,heidi827@mail.com,44.23,txn_101211,2026-06-23
11213,iris759@mail.com,74.36,txn_101212,2026-01-10
11214,val501@mail.com,40.34,txn_101213,2026-06-08
11215,charlie719@mail.com,6.08,txn_101214,2026-06-11
11216,david841@shop.net,134.74,txn_101215,2026-02-13
11217,luna838@example.com,93.7,txn_101216,2026-06-02
11218,nora65@mail.com,131.15,txn_101217,2026-07-08
11219,ray333@test.org,56.31,txn_101218,2026-05-20
11220,ivan857@shop.net,263.97,txn_101219,2026-01-12
11221,luna344@mail.com,25.54,txn_101220,2026-07-13
11222,aria714@mail.com,17.38,txn_101221,2026-03-04
11223,luna137@example.com,,txn_101222,2026-06-06
11224,yasmin17@mail.com,89.69,txn_101223,2026-01-02
11225,laura724@example.com,71.52,txn_101224,2026-04-17
11226,sam709@test.org,15.73,txn_101225,2026-03-11
11227,harper422@test.org,18.09,txn_101226,2026-06-27
11228,charlie185@inbox.io,153.45,txn_101227,2026-01-23
11229,owen357@shop.net,46.83,txn_101228,2026-02-19
11230,heidi98@inbox.io,69.7,txn_101229,2026-05-19
11231,gabe476@mail.com,159.12,txn_101230,2026-03-12
11232,david116@mail.com,162.23,txn_101231,2026-05-02
11233,fiona164@mail.com,8.23,txn_101232,2026-06-15
11234,xander215@shop.net,30.07,txn_101233,2026-07-14
11235,drew107@example.com,190.98,txn_101234,2026-02-15
11236,kevin497@example.com,10.31,txn_101235,2026-03-02
11237,uri607@test.org,36.43,txn_101236,2026-07-11
11238,ray236@shop.net,119.14,txn_101237,2026-01-26
11239,peggy891@test.org,71.85,txn_101238,2026-01-19
11240,eli497@inbox.io,37.69,txn_101239,2026-02-25
11241,nora183@test.org,15.23,txn_101240,2026-07-04
11242,mallory999@shop.net,30.19,txn_101241,2026-01-09
11243,sam62@inbox.io,13.33,txn_101242,2026-04-30
11244,drew176@test.org,106.38,txn_101243,2026-03-17
11245,miles809@mail.com,194.33,txn_101244,2026-02-13
11246,kai876@inbox.io,35.88,txn_101245,2026-05-14
11247,fiona606@mail.com,39.71,txn_101246,2026-01-04
11248,uri754@test.org,109.74,txn_101247,2026-04-22
11249,luna914@mail.com,483.88,txn_101248,2026-05-27
11250,alice46@test.org,40.3,txn_101249,2026-07-16
11251,gabe436@example.com,40.95,txn_101250,2026-06-28
11252,grace508@test.org,46.89,txn_101251,2026-01-04
11253,sam973@test.org,31.88,txn_101252,2026-03-03
11254,pia17@example.com,27.86,txn_101253,2026-06-30
11255,drew766@inbox.io,78.23,txn_101254,2026-04-29
11256,zoe896@mail.com,102.19,txn_101255,2026-04-05
11257,owen721@test.org,69.53,txn_101256,2026-01-19
11258,yasmin544@shop.net,36.94,txn_101257,2026-03-11
11259,sam556@inbox.io,20.54,txn_101258,2026-06-25
11260,frank902@inbox.io,74.92,txn_101259,2026-05-12
11261,ray910@shop.net,33.72,txn_101260,2026-04-30
11262,nora375@example.com,53.61,txn_101261,2026-06-30
11263,eve727@inbox.io,96.61,txn_101262,2026-03-27
11264,peggy117@inbox.io,60.3,txn_101263,2026-07-12
11265,luna772@mail.com,107.05,txn_101264,2026-04-01
11266,romeo697@inbox.io,9.08,txn_101265,2026-04-06
11267,wendy498@test.org,67.22,txn_101266,2026-05-01
11268,tara695@inbox.io,187.93,txn_101267,2026-04-26
11269,nora820@shop.net,56.99,txn_101268,2026-01-17
11270,mallory90@test.org,72.35,txn_101269,2026-03-15
11271,eve169@example.com,57.28,txn_101270,2026-05-08
11272,judy534@mail.com,206.81,txn_101271,2026-04-17
11273,ray955@inbox.io,31.0,txn_101272,2026-04-24
11274,val299@example.com,6.65,txn_101273,2026-03-01
11275,harper422@shop.net,54.18,txn_101274,2026-03-25
11276,fiona682@inbox.io,68.14,txn_101275,2026-04-24
11277,drew581@shop.net,64.2,txn_101276,2026-02-13
11278,quentin496@mail.com,26.61,txn_101277,2026-01-13
11279,judy292@shop.net,17.48,txn_101278,2026-02-11
11280,tara293@inbox.io,18.15,txn_101279,2026-07-01
11281,sam166@mail.com,8.09,txn_101280,2026-03-23
11282,kai452@mail.com,18.84,txn_101281,2026-05-24
11283,tara682@example.com,30.79,txn_101282,2026-04-06
11284,casey999@inbox.io,27.62,txn_101283,2026-01-07
11285,zach787@test.org,39.35,txn_101284,2026-03-23
11286,judy994@example.com,197.07,txn_101285,2026-03-26
11287,pia486@shop.net,196.35,txn_101286,2026-07-13
11288,kai819@mail.com,73.02,txn_101287,2026-04-24
11289,victor750@example.com,8.01,txn_101288,2026-06-23
11290,jude316@example.com,51.31,txn_101289,2026-02-26
11291,casey95@shop.net,50.61,txn_101290,2026-02-19
11292,luna228@inbox.io,172.05,txn_101291,2026-02-20
11293,bob552@example.com,161.25,txn_101292,2026-01-23
11294,gabe200@test.org,50.24,txn_101293,2026-05-11
11295,david408@shop.net,69.04,txn_101294,2026-04-05
11296,yasmin13@shop.net,31.35,txn_101295,2026-04-25
11297,jude221@example.com,133.31,txn_101296,2026-04-17
11298,casey168@shop.net,196.44,txn_101297,2026-04-19
11299,uri143@test.org,151.75,txn_101298,2026-02-06
11300,nina487@shop.net,1287.95,txn_101299,2026-03-27
11301,eve775@inbox.io,5.5,txn_101300,2026-06-13
11302,romeo180@test.org,58.27,txn_101301,2026-07-13
11303,ivan191@mail.com,114.74,txn_101302,2026-05-06
11304,charlie855@shop.net,42.06,txn_101303,2026-07-09
11305,drew28@mail.com,98.48,txn_101304,2026-03-18
11306,owen128@test.org,71.95,txn_101305,2026-04-17
11307,laura929@test.org,23.36,txn_101306,2026-01-31
11308,wren505@shop.net,600.09,txn_101307,2026-07-10
11309,xander493@inbox.io,70.13,txn_101308,2026-06-10
11310,ray998@test.org,13.97,txn_101309,2026-05-12
11311,uri18@inbox.io,99.54,txn_101310,2026-01-15
11312,judy473@shop.net,96.26,txn_101311,2026-02-11
11313,david370@shop.net,73.41,txn_101312,2026-04-02
11314,david299@shop.net,75.22,txn_101313,2026-05-12
11315,mallory784@mail.com,61.45,txn_101314,2026-05-20
11316,uma847@shop.net,175.99,txn_101315,2026-03-11
11317,ray99@shop.net,31.37,txn_101316,2026-02-06
11318,alice531@mail.com,63.41,txn_101317,2026-04-16
11319,victor105@mail.com,42.75,txn_101318,2026-02-18
11320,jude707@inbox.io,143.08,txn_101319,2026-05-17
11321,tara720@inbox.io,93.68,txn_101320,2026-04-28
11322,eve839@example.com,6.3,txn_101321,2026-03-31
11323,trent143@shop.net,186.77,txn_101322,2026-06-02
11324,harper177@shop.net,83.45,txn_101323,2026-01-31
11325,oscar878@mail.com,56.6,txn_101324,2026-03-20
11326,ivan134@mail.com,1137.21,txn_101325,2026-07-15
11327,heidi20@example.com,170.88,txn_101326,2026-01-11
11328,mallory34@example.com,141.62,txn_101327,2026-01-16
11329,eli931@example.com,9.97,txn_101328,2026-06-20
11330,alice802@example.com,50.13,txn_101329,2026-05-31
11331,mallory687@mail.com,11.81,txn_101330,2026-07-11
11332,romeo357@inbox.io,69.14,txn_101331,2026-07-19
11333,uri248@inbox.io,10.13,txn_101332,2026-05-29
11334,wren542@example.com,19.37,txn_101333,2026-03-14
11335,kevin5@inbox.io,648.03,txn_101334,2026-02-24
11336,gabe376@test.org,18.88,txn_101335,2026-06-22
11337,grace855@mail.com,33.47,txn_101336,2026-02-24
11338,gabe418@mail.com,78.85,txn_101337,2026-02-01
11339,drew533@example.com,62.17,txn_101338,2026-06-30
11340,sybil740@inbox.io,29.61,txn_101339,2026-01-30
11341,yasmin468@shop.net,28.4,txn_101340,2026-04-24
11342,oscar418@inbox.io,69.15,txn_101341,2026-02-18
11343,eve962@test.org,18.45,txn_101342,2026-06-22
11344,fiona406@example.com,54.39,txn_101343,2026-01-22
11345,heidi405@mail.com,49.29,txn_101344,2026-01-27
11346,val67@mail.com,19.93,txn_101345,2026-02-21
11347,miles126@test.org,36.85,txn_101346,2026-05-08
11348,romeo608@inbox.io,64.21,txn_101347,2026-06-14
11349,zach488@shop.net,76.26,txn_101348,2026-05-05
11350,gabe151@shop.net,92.96,txn_101349,2026-03-06
11351,fiona237@test.org,15.1,txn_101350,2026-01-26
11352,val851@example.com,55.86,txn_101351,2026-02-15
11353,yasmin696@inbox.io,27.71,txn_101352,2026-06-09
11354,grace677@example.com,172.11,txn_101353,2026-04-30
11355,mallory678@shop.net,42.86,txn_101354,2026-05-19
11356,victor560@inbox.io,62.3,txn_101355,2026-04-21
11357,heidi461@test.org,33.23,txn_101356,2026-04-28
11358,charlie182@example.com,69.53,txn_101357,2026-03-19
11359,tara504@mail.com,28.43,txn_101358,2026-04-10
11360,fiona583@example.com,54.51,txn_101359,2026-06-25
11361,iris482@inbox.io,69.08,txn_101360,2026-05-10
11362,david270@test.org,77.82,txn_101361,2026-06-07
11363,ray785@shop.net,980.72,txn_101362,2026-01-08
11364,luna132@example.com,121.87,txn_101363,2026-07-09
11365,luna784@example.com,120.95,txn_101364,2026-01-25
11366,blake366@shop.net,9.23,txn_101365,2026-03-04
11367,peggy664@mail.com,11.37,txn_101366,2026-06-26
11368,eve118@shop.net,6.48,txn_101367,2026-03-25
11369,charlie674@test.org,148.17,txn_101368,2026-04-18
11370,romeo713@example.com,6.67,txn_101369,2026-03-23
11371,yasmin400@inbox.io,12.33,txn_101370,2026-05-06
11372,grace345@mail.com,65.86,txn_101371,2026-06-20
11373,victor630@mail.com,77.71,txn_101372,2026-02-21
11374,fiona861@example.com,105.69,txn_101373,09/03/2026
11375,david588@shop.net,21.94,txn_101374,2026-07-10
11376,frank98@inbox.io,25.5,txn_101375,2026-05-26
11377,harper438@test.org,64.67,txn_101376,2026-06-16
11378,trent824@inbox.io,54.76,txn_101377,2026-03-22
11379,mallory412@test.org,43.65,txn_101378,2026-06-21
11380,wren185@inbox.io,155.34,txn_101379,2026-05-13
11381,laura512@inbox.io,77.16,txn_101380,2026-07-10
11382,drew960@shop.net,65.67,txn_101381,2026-07-16
11383,blake745@inbox.io,44.17,txn_101382,2026-04-04
11384,drew247@mail.com,56.4,txn_101383,2026-03-18
11385,blake327@test.org,189.34,txn_101384,2026-06-12
11386,nina274@test.org,157.53,txn_101385,2026-03-07
11387,ray242@inbox.io,13.52,txn_101386,2026-02-19
11388,bob817@mail.com,135.7,txn_101387,2026-05-24
11389,blake663@test.org,260.6,txn_101388,2026-03-11
11390,ivan265@example.com,418816.52,txn_101389,2026-05-21
11391,laura987@example.com,173.87,txn_101390,2026-01-15
11392,frank617@shop.net,9.77,txn_101391,2026-04-15
11393,xander407@example.com,417.27,txn_101392,2026-02-05
11394,peggy585@example.com,191.95,txn_101393,2026-05-14
11395,quinn973@inbox.io,143.03,txn_101394,2026-05-08
11396,frank615@mail.com,65.5,txn_101395,2026-03-26
11397,luna826@test.org,108.31,txn_101396,2026-04-19
11398,nina110@mail.com,77.74,txn_101397,2026-04-23
11399,aria884@shop.net,41.78,txn_101398,2026-04-06
11400,sam325@example.com,40.61,txn_101399,2026-03-05
11401,romeo372@mail.com,32.58,txn_101400,2026-03-20
11402,bob36@inbox.io,159.47,txn_101401,2026-01-14
11403,sam260@mail.com,28.2,txn_101402,2026-06-29
11404,xander548@example.com,182.92,txn_101403,2026-04-10
11405,alice950@test.org,883.3,txn_101404,2026-01-24
11406,wren305@mail.com,71.77,txn_101405,2026-04-23
11407,owen901@shop.net,157.33,txn_101406,2026-01-09
11408,romeo843@example.com,139.0,txn_101407,2026-07-08
11409,aria735@shop.net,73.89,txn_101408,2026-01-26
11410,kevin519@shop.net,36.57,txn_101409,2026-07-06
11411,jude465@shop.net,62.15,txn_101410,2026-06-14
11412,pia646@mail.com,53.08,txn_101411,2026-01-01
11413,zach644@mail.com,48.19,txn_101412,2026-01-29
11414,kevin529@mail.com,172.11,txn_101413,2026-06-16
11415,wren868@mail.com,35.77,txn_101414,2026-03-23
11416,casey895@test.org,111.28,txn_101415,2026-06-25
11417,luna819@shop.net,11.33,txn_101416,2026-04-05
11418,laura898@test.org,67.6,txn_101417,2026-05-27
11419,oscar971@example.com,46.89,txn_101418,2026-06-06
11420,owen929@mail.com,39.68,txn_101419,2026-03-09
11421,sam51@mail.com,37.17,txn_101420,2026-03-08
11422,judy982@example.com,76.04,txn_101421,2026-01-31
11423,alice446@inbox.io,191.39,txn_101422,2026-06-22
11424,fiona230@example.com,102.87,txn_101423,2026-07-20
11425,romeo765@shop.net,14.76,txn_101424,2026-02-22
11426,miles844@mail.com,55.79,txn_101425,2026-04-18
11427,laura812@test.org,26.76,txn_101426,2026-03-09
11428,peggy462@inbox.io,310.89,txn_101427,2026-06-25
11429,pia88@test.org,14.99,txn_101428,2026-03-24
11430,sam704@test.org,33.76,txn_101429,2026-04-19
11431,val263@inbox.io,46.77,txn_101430,2026-01-14
11432,victor483@mail.com,499.02,txn_101431,2026-06-21
11433,miles6@example.com,51.47,txn_101432,2026-03-19
11434,zach136@shop.net,367.87,txn_101433,2026-05-29
11435,laura174@shop.net,74.77,txn_101434,2026-04-30
11436,ivan325@example.com,131.95,txn_101435,2026-03-08
11437,heidi46@shop.net,1248.82,txn_101436,2026-03-13
11438,val949@shop.net,72.71,txn_101437,2026-03-09
11439,nora530@shop.net,71.95,txn_101438,2026-03-22
11440,val783@test.org,366.7,txn_101439,2026-06-18
11441,owen55@test.org,9.09,txn_101440,2026-02-16
11442,charlie267@test.org,2959.98,txn_101441,2026-01-30
11443,fiona453@example.com,58.18,txn_101442,2026-05-05
11444,drew116@test.org,184.03,txn_101443,2026-02-01
11445,wendy209@example.com,101.68,txn_101444,2026-02-13
11446,val843@inbox.io,71.82,txn_101445,2026-05-30
11447,nina995@inbox.io,62.51,txn_101446,2026-02-16
11448,aria253@example.com,161.23,txn_101447,2026-03-26
11449,bob698@shop.net,682.99,txn_101448,2026-04-06
11450,luna858@example.com,7.17,txn_101449,2026-04-28
11451,tara465@test.org,25.2,txn_101450,2026-06-18
11452,alice994@shop.net,51.68,txn_101451,2026-04-26
11453,uma133@inbox.io,8.65,txn_101452,2026-06-14
11454,sybil818@shop.net,10.3,txn_101453,2026-06-04
11455,yasmin409@example.com,23.01,txn_101454,2026-07-17
11456,zach22@example.com,99.55,txn_101455,2026-07-19
11457,zach663@shop.net,158.49,txn_101456,2026-01-31
11458,trent821@test.org,65.48,txn_101457,2026-03-21
11459,ray135@inbox.io,12.21,txn_101458,2026-04-05
11460,gabe502@mail.com,34.11,txn_103355,2026-03-10
11461,kai434@inbox.io,4418.39,txn_101460,2026-04-05
11462,nora445@mail.com,11.97,txn_101461,2026-05-12
11463,victor693@test.org,56.47,txn_101462,2026-02-09
11464,fiona645@inbox.io,11.3,txn_101463,2026-04-30
11465,blake929@example.com,116.05,txn_101464,2026-02-02
11466,ray862@shop.net,37.08,txn_101465,2026-05-26
11467,david79@inbox.io,354.02,txn_101466,2026-05-11
11468,blake97@test.org,59.02,txn_101467,2026-03-06
11469,wendy600@shop.net,42.76,txn_101468,2026-01-30
11470,val184@test.org,181.15,txn_101469,2026-01-12
11471,frank898@test.org,117.67,txn_101470,2026-07-05
11472,drew639@test.org,120.96,txn_101471,2026-02-17
11473,nina81@mail.com,152.49,txn_101472,2026-06-22
11474,grace548@test.org,34.62,txn_101473,2026-01-04
11475,kevin472@test.org,70.16,txn_101474,2026-07-10
11476,miles311@test.org,78.04,txn_101475,2026-04-03
11477,sam824@test.org,14.38,txn_101476,2026-01-04
11478,mallory836@example.com,77.79,txn_101477,2026-01-07
11479,nina665@test.org,23.13,txn_101478,2026-06-10
11480,iris89@mail.com,39.76,txn_101479,2026-05-02
11481,blake120@example.com,16.43,txn_101480,2026-06-29
11482,casey483@test.org,38.71,txn_101481,2026-03-04
11483,mallory584@shop.net,127.01,txn_101482,2026-03-27
11484,alice646@example.com,131.81,txn_101483,2026-04-17
11485,fiona611@inbox.io,199.88,txn_101484,2026-01-10
11486,fiona498@test.org,59.35,txn_101485,2026-06-23
11487,fiona732@mail.com,6.43,txn_101486,2026-05-28
11488,uma66@inbox.io,53.62,txn_101487,2026-05-02
11489,heidi638@test.org,304.03,txn_101488,2026-06-28
11490,blake166@example.com,19.42,txn_101489,2026-03-30
11491,casey520@mail.com,73.18,txn_101490,2026-03-28
11492,miles135@test.org,166.76,txn_101491,2026-04-10
11493,aria816@shop.net,77.82,txn_101492,2026-02-11
11494,nora290@mail.com,11.46,txn_101493,2026-05-04
11495,ivan205@mail.com,41.91,txn_101494,2026-04-17
11496,fiona241@shop.net,8.53,txn_101495,2026-01-05
11497,wendy366@shop.net,18.1,txn_101496,2026-05-09
11498,charlie346@example.com,51.32,txn_101497,2026-01-31
11499,jude499@mail.com,30.52,txn_101498,2026-04-01
11500,zoe789@example.com,112.1,txn_101499,2026-02-08
11501,sam619@inbox.io,57.98,txn_101500,2026-04-23
11502,drew999@example.com,50.79,txn_101501,2026-07-20
11503,grace43@inbox.io,17.53,txn_101502,2026-01-31
11504,nina161@shop.net,164.98,txn_101503,2026-07-15
11505,gabe751@test.org,98.52,txn_101504,2026-04-04
11506,victor126@mail.com,132.69,txn_101505,2026-04-17
11507,zoe252@example.com,136.84,txn_101506,2026-03-15
11508,gabe88@mail.com,58.64,txn_101507,2026-04-17
11509,xander156@mail.com,143.56,txn_101508,2026-02-28
11510,ivan424@test.org,469.42,txn_101509,2026-05-13
11511,ray967@shop.net,15.92,txn_101510,2026-01-03
11512,tara967@inbox.io,30.37,txn_101511,2026-04-13
11513,zoe445@mail.com,61.94,txn_101512,2026-06-19
11514,pia925@mail.com,78.33,txn_101513,2026-07-02
11515,quinn997@inbox.io,35.15,txn_101514,2026-06-24
11516,sam895@inbox.io,60.7,txn_101515,2026-03-30
11517,alice922@shop.net,74.03,txn_101516,2026-06-29
11518,zach660@test.org,45.83,txn_101517,2026-03-07
11519,pia715@test.org,65.89,txn_101518,2026-06-16
11520,zach903@mail.com,7.77,txn_101519,2026-03-27
11521,yasmin533@mail.com,925.89,txn_101520,2026-01-24
11522,gabe320@inbox.io,61.78,txn_101521,2026-02-10
11523,bob912@example.com,151.1,txn_101522,2026-03-03
11524,zoe744@shop.net,42.9,txn_101523,2026-07-07
11525,david266@shop.net,31.59,txn_101524,2026-01-13
11526,wren460@example.com,60.26,txn_101525,2026-04-27
11527,victor825@mail.com,149.79,txn_101526,2026-07-02
11528,owen865@inbox.io,31.28,txn_101527,2026-03-14
11529,quinn689@inbox.io,33.32,txn_101528,2026-07-08
11530,peggy336@example.com,19.44,txn_101529,2026-07-19
11531,xander101@test.org,36.93,txn_101530,2026-04-16
11532,frank64@example.com,14.75,txn_101531,2026-02-24
11533,casey379@example.com,35.21,txn_101532,2026-05-24
11534,harper893@test.org,42.41,txn_101533,2026-04-19
11535,casey750@test.org,1735.72,txn_101534,2026-02-06
11536,gabe497@mail.com,95.53,txn_101535,2026-06-30
11537,gabe121@inbox.io,39.16,txn_101536,2026-01-09
11538,val967@mail.com,74.13,txn_101537,2026-01-31
11539,miles113@test.org,47.88,txn_101538,2026-01-11
11540,harper121@mail.com,79.33,txn_101539,2026-03-19
11541,sybil29@test.org,97.06,txn_101540,2026-05-31
11542,aria960@example.com,186.69,txn_101541,2026-02-25
11543,laura3@test.org,31.15,txn_101542,2026-01-12
11544,aria587@test.org,38.93,txn_101543,2026-03-28
11545,yasmin855@test.org,152.69,txn_101544,2026-07-15
11546,ivan652@inbox.io,38.74,txn_101545,2026-04-25
11547,judy92@shop.net,159.74,txn_101546,2026-04-15
11548,yasmin922@mail.com,45.57,txn_101547,2026-06-21
11549,casey662@shop.net,17.42,txn_101548,2026-01-07
11550,kai575@shop.net,53.29,txn_101549,2026-01-22
11551,mallory555@inbox.io,8.97,txn_101550,2026-05-26
11552,harper769@mail.com,72.26,txn_101551,2026-01-31
11553,quinn185@inbox.io,282.49,txn_101552,2026-02-22
11554,peggy455@inbox.io,45.02,txn_101553,2026-03-24
11555,zach47@inbox.io,75.04,txn_101554,2026-03-29
11556,blake425@mail.com,44.59,txn_101555,2026-04-08
11557,quentin118@example.com,1312.67,txn_101556,2026-03-15
11558,judy262@mail.com,98.51,txn_101557,2026-04-15
11559,ray61@mail.com,29.4,txn_101558,2026-01-07
11560,tara306@example.com,29.0,txn_101559,2026-04-16
11561,uma385@shop.net,469.85,txn_101560,2026-01-14
11562,mallory771@mail.com,22.74,txn_101561,2026-05-11
11563,wren395@inbox.io,280.79,txn_101562,2026-03-23
11564,drew417@inbox.io,7.17,txn_101563,2026-06-12
11565,oscar276@example.com,48.96,txn_101564,2026-01-26
11566,peggy668@inbox.io,116.55,txn_101565,2026-04-15
11567,casey867@example.com,20.26,txn_101566,2026-02-06
11568,xander173@inbox.io,144.5,txn_101567,2026-04-19
11569,jude43@test.org,39.85,txn_101568,2026-06-08
11570,sybil1@mail.com,74.14,txn_101569,2026-03-11
11571,miles860@shop.net,79.94,txn_101570,2026-06-11
11572,nina861@inbox.io,8.41,txn_101571,2026-07-09
11573,iris72@inbox.io,34.65,txn_101572,2026-02-01
11574,ivan287@inbox.io,105.3,txn_101573,2026-05-10
11575,uma651@shop.net,61.45,txn_101574,2026-04-26
11576,romeo679@mail.com,1012.44,txn_101575,31/02/2026
11577,miles17@shop.net,240.12,txn_101576,2026-01-01
11578,miles5@test.org,401.81,txn_101577,2026-04-16
11579,jude781@test.org,11.09,txn_101578,2026-06-16
11580,pia552@example.com,67.41,txn_101579,2026-06-21
11581,casey362@example.com,1064.56,txn_101580,2026-06-03
11582,wendy182@test.org,177.42,txn_101581,2026-01-03
11583,heidi380@test.org,333.37,txn_101582,2026-02-26
11584,val777@example.com,74.1,txn_101583,2026-04-02
11585,mallory836@example.com,27.74,txn_101584,2026-07-03
11586,oscar506@mail.com,211.04,txn_101585,2026-05-07
11587,tara215@inbox.io,78.82,txn_101586,2026-06-13
11588,zach891@example.com,42.52,txn_101587,2026-02-13
11589,jude676@mail.com,160.66,txn_101588,2026-06-04
11590,kai67@mail.com,60.95,txn_101589,2026-02-02
11591,quentin877@inbox.io,44.23,txn_101590,2026-07-20
11592,romeo869@mail.com,79.4,txn_101591,2026-06-27
11593,ray630@inbox.io,47.01,txn_101592,2026-04-27
11594,alice657@test.org,53.75,txn_101593,2026-03-24
11595,blake281@test.org,43.87,txn_101594,2026-05-07
11596,xander778@inbox.io,59.09,txn_101595,2026-01-13
11597,romeo546@test.org,5.39,txn_101596,2026-02-19
11598,victor902@example.com,6.9,txn_101597,2026-07-08
11599,oscar981@test.org,23.75,txn_101598,2026-02-12
11600,victor65@shop.net,12.25,txn_101599,2026-05-03
11601,blake607@example.com,192.21,txn_101600,2026-03-06
11602,peggy485@example.com,30.56,txn_101601,2026-01-14
11603,victor814@inbox.io,10.47,txn_101602,2026-06-03
11604,nora783@test.org,38.48,txn_101603,2026-02-01
11605,frank939@example.com,28.5,txn_101604,2026-06-27
11606,eve64@mail.com,332.58,txn_101605,2026-03-19
11607,nora68@test.org,9.18,txn_101606,2026-01-14
11608,sybil412@test.org,61.4,txn_101607,2026-03-01
11609,miles11@inbox.io,39.82,txn_101608,2026-04-20
11610,nora104@inbox.io,75.32,txn_101609,2026-07-20
11611,bob530@test.org,19.44,txn_101610,2026-01-27
11612,alice731@inbox.io,64.21,txn_101611,2026-02-19
11613,kai653@mail.com,31.65,txn_101612,2026-05-04
11614,uri456@inbox.io,15.33,txn_101613,2026-01-12
11615,david320@mail.com,43.48,txn_101614,2026-06-16
11616,wren319@shop.net,45.59,txn_101615,2026-02-07
11617,judy317@test.org,3926.69,txn_101616,2026-01-03
11618,harper674@inbox.io,9.3,txn_101617,2026-05-10
11619,jude433@example.com,78.24,txn_101618,2026-06-13
11620,mallory350@example.com,40.68,txn_101619,2026-06-27
11621,drew710@inbox.io,48.38,txn_101620,2026-03-27
11622,nora429@shop.net,12.86,txn_101621,2026-01-11
11623,fiona943@mail.com,21.73,txn_101622,2026-02-28
11624,drew219@inbox.io,60.09,txn_101623,2026-03-26
11625,val211@test.org,66.96,txn_101624,2026-01-02
11626,xander76@example.com,46.6,txn_101625,2026-02-06
11627,sybil200@test.org,73.45,txn_101626,2026-04-03
11628,charlie204@example.com,18.06,txn_101627,2026-03-09
11629,uri348@mail.com,109.52,txn_101628,2026-02-20
11630,bob864@mail.com,12.59,txn_101629,2026-06-23
11631,ivan671@test.org,93.32,txn_101630,2026-02-23
11632,trent246@test.org,32.93,txn_101631,2026-02-13
11633,harper903@inbox.io,58.32,txn_103224,2026-01-31
11634,judy814@mail.com,44.94,txn_101633,2026-06-27
11635,xander614@shop.net,52.71,txn_101634,2026-01-12
11636,wren602@inbox.io,45.16,txn_101635,2026-02-08
11637,uma55@mail.com,26.01,txn_101636,2026-02-02
11638,gabe908@inbox.io,59.55,txn_101637,2026-07-20
11639,eli67@inbox.io,34.11,txn_101638,2026-06-15
11640,wren384@inbox.io,39.82,txn_101639,2026-03-24
11641,tara539@shop.net,58.67,txn_101640,2026-05-07
11642,eli596@shop.net,74.09,txn_101641,2026-05-30
11643,pia213@example.com,20.23,txn_101642,2026-03-02
11644,zach314@mail.com,33.28,txn_101643,2026-02-10
11645,xander564@shop.net,61.37,txn_101644,2026-03-17
11646,casey361@inbox.io,8.09,txn_101645,2026-05-12
11647,nora437@shop.net,37.44,txn_101646,2026-04-05
11648,fiona280@shop.net,18.47,txn_101647,2026-03-01
11649,quentin368@example.com,288.36,txn_101648,2026-05-09
11650,gabe660@inbox.io,25.73,   ,2026-02-28
11651,grace74@example.com,45.95,txn_101650,2026-03-27
11652,mallory257@shop.net,66.17,txn_101651,2026-06-24
11653,romeo723@mail.com,15.34,txn_101652,2026-07-12
11654,tara935@inbox.io,62.76,txn_101653,2026-03-14
11655,wendy969@test.org,48.5,txn_101654,2026-06-17
11656,alice670@test.org,62.09,txn_101655,2026-02-08
11657,zach233@mail.com,105.19,txn_101656,2026-03-01
11658,harper805@inbox.io,40.16,txn_101657,2026-04-29
11659,victor321@example.com,131.46,txn_101658,2026-06-28
11660,aria450@mail.com,46.88,txn_101659,2026-04-06
11661,ivan895@inbox.io,75.75,txn_101660,2026-01-03
11662,fiona348@shop.net,36.93,txn_101661,2026-07-12
11663,zach307@inbox.io,6.74,txn_101662,2026-01-09
11664,ivan976@mail.com,1352.29,txn_101663,2026-06-04
11665,miles888@inbox.io,33.6,txn_101664,2026-04-11
11666,eve396@inbox.io,13.15,txn_101665,2026-05-26
11667,casey96@shop.net,55.62,txn_101666,2026-02-15
11668,charlie501@inbox.io,19.92,txn_101667,2026-04-09
11669,sybil239@mail.com,44.33,txn_101668,2026-04-27
11670,david531@shop.net,29.51,txn_101669,2026-04-16
11671,zach114@mail.com,36.38,txn_101670,2026-07-10
11672,eve979@test.org,261.94,txn_101671,2026-02-22
11673,trent838@test.org,136.97,txn_101672,2026-06-04
11674,kai602@shop.net,58.76,txn_101673,2026-04-28
11675,romeo8@mail.com,1168.6,txn_101674,2026-04-13
11676,miles539@mail.com,47.69,txn_101675,2026-05-06
11677,drew590@test.org,11.83,txn_101676,2026-06-15
11678,drew718@shop.net,175.08,txn_101677,2026-04-11
11679,nora426@mail.com,72.5,txn_101678,2026-07-07
11680,blake394@test.org,255.03,txn_101679,2026-05-26
11681,grace716@test.org,271.91,txn_101680,2026-02-10
11682,romeo299@inbox.io,10.01,txn_101681,2026-07-05
11683,uri931@mail.com,79.43,txn_101682,2026-05-22
11684,heidi79@shop.net,140.53,txn_101683,2026-07-19
11685,uma462@test.org,20.55,txn_101684,2026-01-12
11686,drew75@example.com,55.67,txn_101685,2026-04-29
11687,yasmin764@shop.net,19.58,txn_101686,2026-01-10
11688,alice118@shop.net,96.38,txn_101687,2026-06-21
11689,val497@test.org,11.19,txn_101688,2026-06-18
11690,peggy144@test.org,25.94,txn_101689,2026-02-11
11691,kevin622@example.com,27.06,txn_101690,2026-05-17
11692,val173@test.org,62.27,txn_101691,2026-06-23
11693,romeo452@mail.com,21.25,txn_101692,2026-01-09
11694,ray222@inbox.io,8.58,txn_101693,2026-06-12
11695,harper400@example.com,38.3,txn_101694,2026-06-03
11696,alice791@example.com,20.13,txn_101695,2026-03-05
11697,xander205@mail.com,36.63,txn_101696,2026-01-04
11698,victor697@mail.com,21.54,txn_101697,2026-01-25
11699,quinn742@mail.com,36.18,txn_101698,2026-01-28
11700,uma576@shop.net,51.85,txn_101699,2026-05-19
11701,zach124@test.org,12.94,txn_101700,2026-03-24
11702,laura412@example.com,5.9,txn_101701,2026-02-24
11703,drew68@mail.com,25.88,txn_101702,2026-06-09
11704,xander69@example.com,129.33,txn_101703,2026-07-16
11705,miles105@test.org,174.95,txn_101704,2026-05-26
11706,kevin983@shop.net,29.33,txn_101705,2026-06-11
11707,sam695@test.org,431.42,txn_101706,2026-02-04
11708,victor651@mail.com,162.52,txn_101707,2026-06-20
11709,eli344@example.com,73.41,txn_101708,2026-04-25
11710,yasmin656@inbox.io,140.41,txn_101709,2026-06-30
11711,alice22@mail.com,72.26,txn_101710,2026-03-21
11712,peggy776@test.org,10.95,txn_101711,2026-02-05
11713,xander304@test.org,33.18,txn_101712,2026-06-14
11714,charlie946@mail.com,198.63,txn_101713,2026-04-24
11715,val138@shop.net,53.27,txn_101714,2026-07-14
11716,charlie811@inbox.io,1472.07,txn_101715,2026-03-15
11717,wren235@example.com,119.75,txn_101716,2026-03-04
11718,nina56@inbox.io,399.5,txn_101717,2026-03-05
11719,ray623@mail.com,142.58,txn_101718,2026-02-16
11720,casey67@example.com,88.4,txn_101719,2026-02-19
11721,david961@mail.com,11.88,txn_101720,2026-06-01
11722,jude242@mail.com,36.97,txn_101721,2026-04-30
11723,trent739@mail.com,36.8,txn_101722,2026-06-05
11724,peggy293@shop.net,77.58,txn_101723,2026-02-21
11725,romeo82@test.org,307.87,txn_101724,2026-04-07
11726,kevin452@test.org,50.7,txn_101725,2026-04-21
11727,wren840@mail.com,344.6,txn_101726,2026-07-15
11728,yasmin875@test.org,72.98,txn_101727,2026-03-18
11729,miles157@inbox.io,18.18,txn_101728,2026-04-08
11730,drew465@shop.net,47.16,txn_101729,2026-05-04
11731,eve140@shop.net,103.49,txn_101730,2026-02-18
11732,alice883@example.com,59.4,txn_101731,2026-05-06
11733,zach963@test.org,60.66,txn_101732,2026-04-09
11734,fiona657@shop.net,606.85,txn_101733,2026-01-10
11735,heidi955@test.org,19.57,txn_101734,2026-04-22
11736,quentin522@shop.net,156.2,txn_101735,2026-04-05
11737,sam667@example.com,36.8,txn_101736,2026-03-05
11738,peggy36@test.org,308.42,txn_101737,2026-06-30
11739,ray715@example.com,16.09,txn_101738,2026-06-04
11740,drew261@mail.com,48.38,txn_101739,2026-06-19
11741,kevin120@example.com,157.33,txn_101740,2026-04-09
11742,zach998@inbox.io,355.56,txn_101741,2026-02-18
11743,blake850@mail.com,56.89,txn_101742,2026-05-09
11744,iris601@test.org,35.87,txn_101743,2026-07-06
11745,frank652@example.com,64.82,txn_101744,2026-02-06
11746,romeo953@mail.com,163.88,txn_101745,2026-01-02
11747,kevin2@test.org,63.03,txn_101746,2026-04-17
11748,harper671@test.org,37.32,txn_101747,2026-02-15
11749,xander721@mail.com,41.49,txn_101748,2026-05-09
11750,heidi581@test.org,102.28,txn_101749,2026-01-16
11751,val829@mail.com,111.12,txn_101750,2026-04-15
11752,casey112@inbox.io,99.94,txn_101751,2026-03-17
11753,frank128@test.org,30.66,txn_101752,2026-05-30
11754,peggy497@test.org,12.56,txn_101753,2026-01-16
11755,romeo682@example.com,79.07,txn_101754,2026-01-25
11756,nina811@inbox.io,50.22,txn_101755,2026-07-14
11757,romeo485@test.org,152.52,txn_101756,2026-03-28
11758,xander323@shop.net,192.92,txn_101757,2026-06-20
11759,zach626@test.org,166381.1,txn_101758,2026-03-26
11760,grace468@example.com,128.22,txn_101759,2026-01-24
11761,bob126@inbox.io,113.54,txn_101760,2026-06-29
11762,wren378@mail.com,56.46,txn_101761,2026-05-02
11763,gabe677@test.org,78.96,txn_101762,2026-03-24
11764,bob895@shop.net,65.57,txn_101763,2026-03-25
11765,ray240@test.org,35.01,txn_101764,2026-06-06
11766,frank439@shop.net,482.44,txn_101765,2026-05-02
11767,quinn752@example.com,50.54,txn_101766,2026-07-02
11768,judy898@inbox.io,69.26,txn_101767,2026-05-10
11769,charlie510@mail.com,116.16,txn_101768,2026-06-22
11770,jude173@test.org,194.61,txn_101769,2026-05-04
11771,quinn247@inbox.io,17.78,txn_101770,2026-06-18
11772,sam109@example.com,58.68,txn_101771,2026-02-11
11773,uma785@test.org,58.94,txn_101772,2026-06-20
11774,eli682@example.com,45.09,txn_101773,2026-07-05
11775,fiona815@example.com,70.4,txn_101774,2026-05-28
11776,zoe67@inbox.io,33.28,txn_101775,2026-07-03
11777,val670@test.org,47.14,txn_101776,2026-04-22
11778,oscar266@mail.com,11.58,txn_101777,2026-01-23
11779,victor960@inbox.io,75.65,txn_101778,2026-05-27
11780,xander874@mail.com,33.51,txn_101779,2026-07-08
11781,alice64@shop.net,19.24,txn_101780,2026-04-10
11782,blake790@shop.net,55.95,txn_101781,2026-02-02
11783,harper605@inbox.io,34.65,txn_101782,2026-05-18
11784,drew149@shop.net,115.62,txn_101783,2026-02-26
11785,fiona151@test.org,15.94,txn_101784,2026-06-20
11786,sam614@example.com,42.68,txn_101785,2026-06-26
11787,heidi869@shop.net,137.39,txn_101786,2026-02-25
11788,fiona722@shop.net,217.64,txn_101787,2026-03-27
11789,judy869@mail.com,177.25,txn_101788,2026-06-29
11790,val946@example.com,101.48,txn_101789,2026-05-05
11791,uri307@test.org,0,txn_101790,2026-02-10
11792,bob402@inbox.io,55.84,txn_101791,2026-03-31
11793,wren401@test.org,59.51,txn_101792,2026-03-14
11794,sam718@mail.com,127.25,txn_101793,2026-02-03
11795,uma887@inbox.io,181.98,txn_101794,2026-07-01
11796,trent671@test.org,15.32,txn_101795,2026-06-28
11797,eli919@shop.net,21.36,txn_101796,2026-07-11
11798,mallory371@example.com,149.08,txn_101797,2026-06-23
11799,judy974@test.org,1519.17,txn_101798,2026-02-13
11800,david365@example.com,769.45,txn_101799,2026-01-14
11801,heidi666@inbox.io,37.54,txn_101800,2026-02-08
11802,owen251@test.org,23.06,txn_101801,2026-05-06
11803,trent978@inbox.io,60.89,txn_101802,2026-07-18
11804,sam797@example.com,66.36,txn_101803,2026-04-08
11805,romeo377@test.org,13.75,txn_101804,2026-02-01
11806,fiona231@inbox.io,47.97,txn_101805,2026-05-27
11807,eli711@shop.net,175.32,txn_101806,2026-02-16
11808,yasmin661@test.org,115.8,txn_101807,2026-02-02
11809,grace66@shop.net,183.47,txn_101808,2026-05-18
11810,laura833@test.org,127.26,txn_101809,2026-05-18
11811,harper66@test.org,48.85,txn_101810,2026-07-02
11812,pia772@example.com,195.88,txn_101811,2026-01-31
11813,laura712@inbox.io,46.6,txn_101812,2026-03-22
11814,heidi132@example.com,53.95,txn_101813,2026-01-23
11815,jude872@shop.net,90.15,txn_101814,2026-02-01
11816,gabe373@shop.net,251.48,txn_101815,2026-06-18
11817,alice308@mail.com,75.93,txn_101816,2026-07-20
11818,sybil456@inbox.io,41.78,txn_101817,2026-03-22
11819,harper621@shop.net,20.74,txn_101818,2026-01-26
11820,quinn243@example.com,15.63,txn_101819,2026-02-25
11821,ivan566@inbox.io,31.93,txn_101820,2026-02-02
11822,uri433@inbox.io,24.12,txn_101821,2026-04-08
11823,pia410@mail.com,75.86,txn_101822,2026-06-23
11824,blake549@mail.com,52.22,txn_101823,2026-03-10
11825,owen732@mail.com,54.3,txn_101824,2026-05-11
11826,miles430@mail.com,117.96,txn_101825,2026-04-22
11827,yasmin988@example.com,10.81,txn_101826,2026-02-01
11828,iris701@example.com,9.95,txn_101827,2026-06-13
11829,frank932@shop.net,25.49,txn_101828,2026-02-27
11830,romeo101@example.com,4289.58,txn_101829,2026-04-07
11831,grace180@example.com,70.66,txn_101830,2026-05-31
11832,fiona542@example.com,47.91,txn_101831,2026-03-14
11833,jude623@shop.net,8.6,txn_101832,2026-03-23
11834,wren186@test.org,60.6,txn_101833,2026-05-17
11835,jude904@inbox.io,137.22,txn_101834,2026-02-02
11836,quentin704@example.com,16.66,txn_101835,2026-02-02
11837,judy582@test.org,86.34,txn_101836,2026-07-05
11838,owen725@shop.net,161.39,txn_101837,2026-04-18
11839,tara188@test.org,31.55,txn_101838,2026-04-30
11840,gabe283@shop.net,356.18,txn_101839,2026-07-03
11841,oscar651@shop.net,193.69,txn_101840,2026-04-15
11842,zoe866@shop.net,10.96,txn_101841,2026-07-06
11843,peggy170@example.com,11.34,txn_101842,2026-03-15
11844,jude828@test.org,195.46,txn_101843,2026-04-19
11845,ray955@inbox.io,137.56,txn_101844,2026-05-12
11846,ray715@inbox.io,6.04,txn_101845,2026-02-18
11847,val732@example.com,45.07,txn_101846,2026-03-30
11848,peggy701@inbox.io,50.55,txn_101847,2026-02-13
11849,ray926@inbox.io,10.63,txn_101848,2026-02-04
11850,gabe976@shop.net,42.16,txn_101849,2026-02-13
11851,xander347@example.com,274.93,txn_101850,2026-05-19
11852,zoe298@example.com,27.02,txn_101851,2026-02-24
11853,alice404@inbox.io,27.86,txn_101852,2026-06-14
11854,gabe958@example.com,51.33,txn_101853,2026-05-05
11855,david7@shop.net,29.64,txn_101854,2026-04-01
11856,grace359@example.com,102.34,txn_101855,2026-04-01
11857,alice442@example.com,11.36,txn_101856,2026-05-12
11858,judy127@test.org,202.07,txn_101857,2026-07-16
11859,quinn232@shop.net,33.07,txn_101858,2026-04-04
11860,blake550@mail.com,93.04,txn_101859,2026-04-23
11861,quinn166@test.org,61.03,txn_101860,2026-01-02
11862,wendy114@mail.com,8.02,txn_101861,2026-04-12
11863,aria923@shop.net,54.97,txn_101862,2026-05-03
11864,quinn122@shop.net,46.26,txn_101863,2026-06-24
11865,tara333@mail.com,173.64,txn_101864,2026-04-13
11866,gabe135@test.org,13.09,txn_101865,2026-01-06
11867,ivan353@mail.com,62.55,txn_101866,2026-03-02
11868,david440@shop.net,1606.15,txn_101867,2026-04-22
11869,eli289@shop.net,62.07,txn_101868,2026-03-05
11870,nora747@mail.com,23.71,txn_101869,2026-07-16
11871,heidi718@shop.net,66.55,txn_101870,2026-02-20
11872,eli718@example.com,153.33,txn_101871,2026-02-18
11873,luna235@mail.com,35.1,txn_101872,2026-03-12
11874,mallory437@mail.com,19.97,txn_101873,2026-01-14
11875,yasmin538@test.org,52.5,txn_101874,2026-03-01
11876,oscar437@shop.net,43.24,txn_101875,2026-06-14
11877,david113@shop.net,26.04,txn_101876,2026-03-31
11878,tara253@test.org,8.57,txn_101877,2026-01-11
11879,alice677@example.com,105.44,txn_101878,2026-05-01
11880,romeo104@inbox.io,23.92,txn_101879,2026-05-06
11881,xander312@shop.net,55.17,txn_101880,2026-06-24
11882,jude340@mail.com,65.75,txn_101881,2026-07-10
11883,zoe542@inbox.io,22.87,txn_101882,2026-03-12
11884,nina394@inbox.io,12.98,txn_101883,2026-06-11
11885,val124@inbox.io,77.62,txn_101884,2026-06-17
11886,mallory722@mail.com,12.4,txn_101885,2026-05-20
11887,nora309@shop.net,198.76,txn_101886,2026-02-21
11888,iris45@mail.com,36.37,txn_101887,2026-07-02
11889,quentin999@inbox.io,32.45,txn_101888,2026-06-11
11890,tara933@example.com,41.21,txn_101889,2026-05-15
11891,gabe171@example.com,57.25,txn_101890,2026-02-03
11892,sybil979@example.com,64.58,txn_101891,2026-06-27
11893,mallory507@test.org,70.27,txn_101892,2026-01-20
11894,kevin769@test.org,47.19,txn_101893,2026-04-10
11895,zach279@inbox.io,5.27,txn_101894,2026-05-27
11896,nina714@inbox.io,74.65,txn_101895,2026-05-12
11897,drew725@inbox.io,111.06,txn_101896,2026-02-26
11898,sybil566@shop.net,21.79,txn_101897,2026-05-17
11899,peggy41@shop.net,75.65,txn_101898,2026-03-13
11900,ivan895@shop.net,157.09,txn_101899,2026-03-05
11901,nina119@inbox.io,31.06,txn_101900,2026-06-04
11902,xander86@shop.net,465.2,txn_101901,2026-03-09
11903,uri419@mail.com,115.39,txn_101902,2026-01-15
11904,owen844@example.com,59.79,txn_101903,2026-03-13
11905,laura995@shop.net,54.3,txn_101904,2026-07-19
11906,zoe109@inbox.io,162.57,txn_101905,2026-06-17
11907,quentin565@inbox.io,38.16,txn_101906,2026-03-25
11908,romeo596@mail.com,69.37,txn_101907,2026-04-12
11909,judy238@test.org,132.07,txn_101908,2026-02-07
11910,eli508@example.com,18.88,txn_101909,2026-02-15
11911,mallory503@inbox.io,254.12,txn_101910,2026-03-14
11912,bob167@shop.net,178.1,txn_101911,2026-06-25
11913,miles72@mail.com,36.98,txn_101912,2026-04-27
11914,pia103@test.org,96.47,txn_101913,2026-07-12
11915,alice103@inbox.io,6.55,txn_101914,2026-01-04
11916,wren136@example.com,11.27,txn_101915,2026-02-06
11917,owen14@inbox.io,81.13,txn_101916,2026-01-28
11918,iris874@shop.net,104.28,txn_101917,2026-05-03
11919,wren914@inbox.io,17.24,txn_101918,2026-03-26
11920,eli250@mail.com,56.9,txn_101919,2026-06-10
11921,iris22@example.com,92.34,txn_101920,2026-03-17
11922,grace908@inbox.io,97.02,txn_101921,2026-02-27
11923,bob438@mail.com,31.5,txn_101922,2026-03-15
11924,oscar704@test.org,178.73,txn_101923,2026-01-29
11925,fiona113@mail.com,76.73,txn_101924,2026-03-14
11926,wendy631@example.com,32.04,txn_101925,2026-01-22
11927,charlie155@inbox.io,44.79,txn_101926,2026-06-03
11928,laura154@test.org,162.46,txn_101927,2026-06-09
11929,sybil897@shop.net,73.72,txn_101928,2026-06-19
11930,xander831@shop.net,439.61,txn_101929,2026-01-01
11931,judy328@mail.com,38.5,txn_101930,2026-05-03
11932,eve592@example.com,59.5,txn_101931,2026-02-07
11933,frank131@shop.net,33.88,txn_101932,2026-03-23
11934,fiona493@test.org,36.05,txn_101933,2026-06-12
11935,victor822@mail.com,476.48,txn_101934,2026-04-09
11936,aria510@inbox.io,41.95,txn_101935,2026-05-18
11937,oscar86@test.org,36.64,txn_101936,2026-05-28
11938,zoe720@mail.com,32.13,txn_101937,2026-02-22
11939,bob572@shop.net,15.02,txn_101938,2026-01-29
11940,david370@shop.net,184.01,txn_101939,2026-02-05
11941,sybil148@test.org,146.18,txn_101940,2026-04-18
11942,peggy848@mail.com,61.02,txn_101941,2026-01-31
11943,sam387@mail.com,482000.72,txn_101942,2026-04-19
11944,xander719@example.com,48.62,txn_101943,2026-05-03
11945,miles31@mail.com,15.6,txn_101944,2026-03-04
11946,eve583@example.com,129.98,txn_101945,2026-07-15
11947,laura762@test.org,44.56,txn_101946,2026-03-18
11948,eli740@test.org,63.6,txn_101947,2026-06-27
11949,alice114@shop.net,71.09,txn_101948,2026-01-09
11950,miles516@mail.com,34.73,txn_101949,2026-04-19
11951,ray568@test.org,110.97,txn_101950,2026-05-27
11952,gabe727@shop.net,74.86,txn_101951,2026-03-11
11953,frank387@inbox.io,687.7,txn_101952,2026-02-24
11954,zach58@inbox.io,18.78,txn_101953,2026-07-10
11955,jude862@inbox.io,56.93,txn_101954,2026-05-03
11956,uma848@test.org,9.1,txn_101955,2026-04-06
11957,pia200@test.org,12.83,txn_101956,2026-04-03
11958,miles29@shop.net,17.21,txn_101957,2026-01-28
11959,eve612@mail.com,73.23,txn_101958,2026-02-18
11960,jude654@mail.com,272.1,txn_101959,2026-01-22
11961,kai46@inbox.io,64.27,txn_101960,2026-01-12
11962,david96@shop.net,202.54,txn_101961,2026-04-02
11963,wren982@shop.net,19.62,txn_101962,2026-07-12
11964,zach998@shop.net,55.6,txn_101963,2026-03-26
11965,aria104@inbox.io,63.13,txn_101964,2026-01-07
11966,luna489@test.org,68.9,txn_101965,2026-03-16
11967,kevin699@mail.com,71.39,txn_101966,2026-01-24
11968,tara906@mail.com,56.11,txn_101967,2026-02-06
11969,zoe987@mail.com,79.42,txn_101968,2026-06-05
11970,pia953@inbox.io,133.7,txn_101969,2026-02-03
11971,victor369@shop.net,75.51,txn_101970,2026-01-11
11972,tara245@test.org,50.78,txn_101971,2026-01-20
11973,judy643@inbox.io,646.11,txn_101972,2026-01-04
11974,judy561@shop.net,175.69,txn_101973,2026-01-23
11975,fiona466@example.com,75.05,txn_101974,2026-02-11
11976,eve591@shop.net,11.69,txn_101975,2026-02-15
11977,tara265@test.org,1967.73,txn_101976,2026-07-15
11978,casey963@mail.com,47.66,txn_101977,2026-01-11
11979,xander411@shop.net,51.48,txn_101978,2026-06-24
11980,ivan376@test.org,51.85,txn_101979,2026-03-22
11981,xander699@example.com,38.76,txn_101980,2026-06-24
11982,charlie660@inbox.io,64.29,txn_101981,2026-06-29
11983,jude159@example.com,114.88,txn_101982,2026-02-10
11984,kai875@test.org,34.12,txn_101983,2026-04-29
11985,quinn358@example.com,53.19,txn_101984,2026-04-30
11986,grace185@example.com,190.1,txn_101985,2026-04-12
11987,zoe205@test.org,9.84,txn_101986,2026-03-29
11988,miles218@test.org,137.15,txn_101987,2026-03-13
11989,drew559@example.com,40.25,txn_101988,2026-06-13
11990,nina582@shop.net,50.08,txn_101989,2026-04-08
11991,david809@shop.net,40.51,txn_101990,2026-01-14
11992,nina976@example.com,130.75,txn_101991,2026-03-06
11993,owen86@mail.com,25.54,txn_101992,2026-01-21
11994,trent893@test.org,21.06,txn_101993,2026-03-08
11995,laura95@example.com,131.42,txn_101994,2026-07-12
11996,trent204@mail.com,36.43,txn_101995,2026-05-02
11997,iris989@mail.com,31.6,txn_101996,2026-06-27
11998,kai843@test.org,63.73,txn_101997,2026-06-02
11999,mallory741@example.com,51.24,txn_101998,2026-03-24
12000,quinn15@shop.net,0.26,txn_101999,2026-02-07
12001,fiona117@shop.net,160.87,txn_102000,2026-03-09
12002,harper462+promo@example.com,457.18,txn_102001,2026-06-12
12003,casey100@inbox.io,60.93,txn_102002,2026-02-18
12004,aria793@inbox.io,33.32,txn_102003,2026-03-31
12005,nina996@mail.com,76.63,txn_102004,2026-01-17
12006,xander310@example.com,140.25,txn_102005,2026-02-01
12007,sam665@test.org,1121.08,txn_102006,2026-04-01
12008,wendy437@inbox.io,62.38,txn_102007,2026-01-30
12009,laura439@test.org,46.46,txn_102008,2026-02-11
12010,iris391@test.org,54.47,txn_102009,2026-06-24
12011,blake719@shop.net,74.39,txn_102010,2026-01-26
12012,frank92@example.com,51.22,txn_102011,2026-04-16
12013,grace768@test.org,191.27,txn_102012,2026-01-26
12014,owen516@test.org,7.45,txn_102013,2026-03-16
12015,aria229@mail.com,146.19,txn_102014,2026-01-30
12016,mallory974@test.org,77.57,txn_102015,2026-04-29
12017,aria8@test.org,434.66,txn_102016,2026-05-10
12018,sybil901@shop.net,28.05,txn_102017,2026-04-17
12019,ray5@mail.com,324.37,txn_102018,2026-01-04
12020,bob810@mail.com,66.25,txn_102019,2026-07-09
12021,miles344@shop.net,47.91,txn_102020,2026-04-21
12022,peggy997@inbox.io,51.22,txn_102021,2026-04-11
12023,david440@inbox.io,52.72,txn_102022,2026-07-06
12024,laura926@test.org,16.88,txn_102023,2026-03-01
12025,grace517@mail.com,48.27,txn_102024,2026-04-11
12026,wren858@shop.net,76.15,txn_102025,2026-02-22
12027,frank27@example.com,52.17,txn_102026,2026-06-01
12028,judy633@example.com,190.47,txn_102027,2026-01-21
12029,kai26@test.org,95.67,txn_102028,2026-04-27
12030,owen192@shop.net,72.34,txn_102029,2026-03-18
12031,mallory861@inbox.io,63.5,txn_102030,2026-04-07
12032,zoe676@shop.net,11.22,txn_102031,2026-02-06
12033,owen654@example.com,1800.41,txn_102032,2026-01-29
12034,drew126@inbox.io,26.18,txn_102033,2026-02-16
12035,frank507@example.com,189.53,txn_102034,2026-02-23
12036,zach503example.com,129.65,txn_102035,2026-05-05
12037,owen216@example.com,33.14,txn_102036,2026-03-22
12038,owen828@test.org,27.41,txn_102037,2026-02-15
12039,quinn647@inbox.io,7.36,txn_102038,2026-03-29
12040,wendy629@test.org,5.38,txn_102039,2026-05-14
12041,val949@shop.net,50.46,txn_102040,2026-05-18
12042,bob525@inbox.io,105.96,txn_102041,2026-04-04
12043,heidi31@mail.com,21.48,txn_102042,2026-07-06
12044,sam275@mail.com,19.94,txn_102043,2026-01-24
12045,wendy668@inbox.io,60.89,txn_102044,2026-05-07
12046,blake970@inbox.io,19.48,txn_102045,2026-02-14
12047,mallory985@shop.net,48.77,txn_102046,2026-07-16
12048,luna170@shop.net,194.45,txn_102047,2026-05-05
12049,blake434@test.org,25.38,txn_102048,2026-03-23
12050,nora622@example.com,19.98,txn_102049,2026-04-01
12051,xander461@example.com,7.53,txn_102050,2026-05-11
12052,quentin420@inbox.io,67.0,txn_102051,2026-06-15
12053,harper408@shop.net,18.49,txn_102052,2026-03-24
12054,blake367@mail.com,21.14,txn_102053,2026-04-06
12055,xander799@mail.com,5.72,txn_102054,2026-06-26
12056,alice219@shop.net,64.64,txn_102055,2026-03-01
12057,jude395@example.com,20.91,txn_102056,2026-02-25
12058,grace285@inbox.io,193.55,txn_102057,2026-06-21
12059,eve915@inbox.io,56.16,txn_102058,2026-04-22
12060,uma203@shop.net,65.2,txn_102059,2026-05-08
12061,charlie432@shop.net,38.96,txn_102060,2026-06-03
12062,uma393@inbox.io,6.6,txn_102061,2026-01-05
12063,pia5@inbox.io,285.31,txn_102062,2026-04-14
12064,charlie941@inbox.io,30.3,txn_102063,2026-01-05
12065,eve98@test.org,129.81,txn_102064,2026-03-19
12066,romeo772@shop.net,10.98,txn_102065,2026-07-18
12067,uma628@test.org,,txn_102066,2026-04-27
12068,fiona864@example.com,51.35,txn_102067,2026-01-08
12069,oscar846@example.com,12.89,txn_102068,2026-03-24
12070,sam232@test.org,19.34,txn_102069,2026-04-05
12071,iris957@example.com,8.94,txn_102070,2026-07-20
12072,charlie50@example.com,222.51,txn_102071,2026-03-26
12073,sam811@inbox.io,112.39,txn_102072,2026-02-13
12074,ivan472@inbox.io,28.95,txn_102073,2026-02-07
12075,wren910@inbox.io,187.46,txn_102074,2026-06-13
12076,casey535@example.com,48.34,txn_102075,2026-06-19
12077,fiona330@shop.net,137.92,txn_102076,2026-01-24
12078,quentin729@shop.net,46.89,txn_102077,2026-03-04
12079,quinn712@mail.com,77.88,txn_102078,2026-01-16
12080,nina687@example.com,66.39,txn_102079,2026-02-18
12081,fiona349@example.com,49.29,txn_102080,2026-05-16
12082,gabe779@shop.net,412.55,txn_102081,2026-06-17
12083,judy109@inbox.io,265.64,txn_102082,2026-04-04
12084,yasmin889@test.org,20.23,txn_102083,2026-04-13
12085,mallory285@example.com,56.47,txn_102084,2026-05-28
12086,pia151@example.com,13.04,txn_102085,2026-01-29
12087,peggy916@example.com,25.01,txn_102086,2026-05-02
12088,quinn464@inbox.io,13.87,txn_102087,2026-05-21
12089,frank442@shop.net,34.77,txn_102088,2026-04-21
12090,gabe55@shop.net,32.73,txn_102089,2026-01-13
12091,pia750@test.org,258.18,txn_102090,2026-02-18
12092,zach609@mail.com,50.56,txn_102091,2026-05-13
12093,blake698@example.com,23.67,txn_102092,2026-01-29
12094,oscar55@example.com,149.03,txn_102093,2026-03-03
12095,eve104@inbox.io,71.2,txn_102094,2026-06-29
12096,tara402@test.org,21.49,txn_102095,2026-06-27
12097,romeo211@test.org,20.27,txn_102096,2026-06-13
12098,sybil295@inbox.io,91.31,txn_102097,2026-05-09
12099,sam489@inbox.io,182.31,txn_102098,2026-06-26
12100,peggy323@mail.com,17.5,txn_102099,2026-03-27
12101,drew986@mail.com,40.6,txn_102100,2026-03-27
12102,bob998@mail.com,10.77,txn_102101,2026-06-23
12103,wren609@example.com,40.54,txn_102102,2026-01-01
12104,fiona484@mail.com,66.42,txn_102103,2026-05-26
12105,ray856@shop.net,42.74,txn_102104,2026-07-13
12106,judy103@example.com,60.21,txn_102105,2026-04-26
12107,fiona559@shop.net,41.49,txn_102106,2026-04-04
12108,drew848@example.com,58.26,txn_102107,2026-05-13
12109,zoe496@inbox.io,56.43,txn_102108,2026-07-06
12110,owen152@example.com,1784.4,txn_102109,2026-06-18
12111,judy510@shop.net,48.32,txn_102110,2026-06-28
12112,blake212@shop.net,103.26,txn_102111,2026-04-07
12113,owen989@example.com,52.02,txn_102112,2026-05-20
12114,casey180@inbox.io,55.93,txn_102113,2026-03-26
12115,zach428@inbox.io,282.87,txn_102114,2026-02-18
12116,charlie533@inbox.io,180.1,txn_102115,2026-02-01
12117,blake581@test.org,437.7,txn_102116,2026-03-15
12118,heidi511@example.com,244.14,txn_102117,2026-06-24
12119,judy990@inbox.io,46.86,txn_102118,2026-02-11
12120,trent296@test.org,27.1,txn_102119,2026-04-27
12121,charlie290@mail.com,94.81,txn_102120,2026-05-06
12122,trent441@example.com,67.56,txn_102121,2026-01-13
12123,quentin359@mail.com,174.23,txn_102122,2026-05-09
12124,quinn159@inbox.io,413.96,txn_102123,2026-02-06
12125,uri443@mail.com,11.05,txn_102124,2026-02-26
12126,charlie956@test.org,65.88,txn_102125,2026-06-13
12127,yasmin409@test.org,229.44,txn_102126,2026-03-08
12128,trent319@inbox.io,37.69,txn_102127,2026-03-24
12129,luna700@mail.com,110.0,txn_102128,2026-04-17
12130,jude309@mail.com,27.3,txn_102129,2026-06-10
12131,drew188@inbox.io,70.69,txn_102130,2026-04-22
12132,grace540@mail.com,28.49,txn_102131,2026-06-25
12133,tara480@shop.net,39.99,txn_102132,2026-04-16
12134,drew935@example.com,76.81,txn_102133,2026-04-18
12135,frank630@mail.com,435.99,txn_102134,2026-05-29
12136,gabe131@shop.net,72.49,txn_102135,2026-03-17
12137,david129@test.org,5.45,txn_102136,2026-07-15
12138,harper860@test.org,9.1,txn_102137,2026-06-16
12139,grace609@shop.net,26.79,txn_102138,2026-05-04
12140,sam886@shop.net,60.54,txn_102139,2026-06-22
12141,gabe719@example.com,15.81,txn_102140,2026-07-09
12142,fiona229@mail.com,156.76,txn_102141,2026-02-09
12143,trent737@shop.net,509.68,txn_102142,2026-05-05
12144,nora118@mail.com,16.48,txn_102143,2026-01-31
12145,harper254@example.com,40.53,txn_102144,2026-05-10
12146,casey57@test.org,-97.06,txn_102145,2026-05-04
12147,laura862@mail.com,111.23,txn_102146,2026-06-06
12148,ray880@test.org,14.24,txn_102147,2026-02-07
12149,owen190@example.com,60.84,txn_102148,2026-03-03
12150,kevin760@inbox.io,20.03,txn_102149,2026-05-03
12151,sybil684@shop.net,49.16,txn_102150,2026-04-05
12152,quinn401@shop.net,64.99,txn_102151,2026-04-29
12153,aria152@test.org,39.28,txn_102152,2026-05-25
12154,yasmin595@example.com,53.38,txn_102153,2026-06-18
12155,nora44@test.org,306.42,txn_102154,2026-02-05
12156,drew284@test.org,16.87,txn_102155,2026-05-09
12157,gabe358@mail.com,357.52,txn_102156,2026-05-12
12158,eve672@mail.com,54.2,txn_102157,2026-05-25
12159,victor733@test.org,96.8,txn_102158,2026-07-20
12160,wren946@shop.net,73.71,txn_102159,2026-06-15
12161,eli986@test.org,54.42,txn_102160,2026-05-28
12162,tara795@inbox.io,24.44,txn_102161,2026-06-28
12163,uma979@inbox.io,48.84,txn_102162,2026-04-14
12164,eve31@example.com,99.1,txn_102163,2026-01-25
12165,quinn512@example.com,342.92,txn_102164,2026-07-14
12166,oscar108@mail.com,100.88,txn_102165,2026-04-09
12167,wren945@test.org,50.89,txn_102166,2026-01-30
12168,charlie453@example.com,152.78,txn_102167,2026-01-08
12169,laura111@shop.net,33.32,txn_102168,2026-06-13
12170,kai205@inbox.io,41.83,txn_102169,2026-06-23
12171,sybil207@mail.com,132.09,txn_102170,2026-05-16
12172,mallory597@example.com,76.99,txn_102171,2026-01-25
12173,nina830@example.com,5.39,txn_102172,2026-07-18
12174,aria560@inbox.io,120.89,txn_102173,2026-06-24
12175,uri509@inbox.io,20.56,txn_102174,2026-05-02
12176,gabe366@shop.net,46.9,txn_102175,2026-02-05
12177,eve438@test.org,460149.2,txn_102176,31/02/2026
12178,frank802@mail.com,12.57,txn_102177,2026-05-08
12179,oscar616@example.com,6.69,txn_102178,2026-03-16
12180,quentin721@test.org,70.43,txn_102179,2026-02-10
12181,sybil548@example.com,68.99,txn_102180,2026-06-06
12182,gabe409@shop.net,45.95,txn_102181,2026-01-29
12183,luna960@test.org,278.92,txn_102182,2026-01-08
12184,charlie432@shop.net,30.09,txn_102183,2026-07-15
12185,david210@mail.com,60.04,txn_102184,2026-07-13
12186,quinn242@example.com,65.42,txn_102185,2026-05-25
12187,nora355@example.com,1924.86,txn_102186,2026-06-03
12188,val952@inbox.io,46.36,txn_102187,2026-02-03
12189,romeo107@example.com,43.07,txn_102188,2026-06-16
12190,wendy490@test.org,68.74,txn_102189,2026-02-28
12191,bob27@example.com,177.36,txn_102190,2026-05-17
12192,miles699@test.org,6.36,txn_102191,2026-05-04
12193,david785@test.org,14.39,txn_102192,2026-06-29
12194,blake142@inbox.io,13.85,txn_102193,2026-06-07
12195,xander199@shop.net,73.86,txn_102194,2026-03-02
12196,oscar603@example.com,,txn_102195,2026-07-12
12197,iris47@inbox.io,522.35,txn_102196,2026-07-04
12198,peggy79@example.com,37.89,txn_102197,2026-03-14
12199,charlie359@shop.net,71.78,txn_102198,2026-03-16
12200,ivan408@inbox.io,14.18,txn_102199,2026-01-20
12201,eve961@shop.net,42.12,txn_102200,2026-07-08
12202,wendy455@mail.com,192.97,txn_102201,2026-07-19
12203,jude890@shop.net,44.51,txn_102202,2026-03-10
12204,uma516@inbox.io,31.0,txn_102203,2026-04-16
12205,tara498@inbox.io,20.27,txn_102204,2026-02-05
12206,harper313@mail.com,105.29,txn_102205,2026-04-06
12207,uri37@mail.com,1547.51,txn_102206,2026-06-16
12208,wren976@test.org,42.42,txn_102207,2026-01-09
12209,romeo603@shop.net,67.04,txn_102208,2026-01-22
12210,david876@shop.net,42.15,txn_102209,2026-04-08
12211,yasmin46@test.org,33.45,txn_102210,2026-06-18
12212,blake54@inbox.io,7.35,txn_102211,2026-07-15
12213,wendy932@example.com,71.99,txn_102212,2026-03-09
12214,wren222@inbox.io,120.91,txn_102213,2026-06-09
12215,blake802@test.org,168.25,txn_102214,2026-01-15
12216,grace398@inbox.io,479.74,txn_102215,2026-03-15
12217,iris435@test.org,47.62,txn_102216,2026-05-13
12218,quentin984@mail.com,60.92,txn_102217,2026-03-02
12219,ivan288@example.com,194.12,txn_102218,2026-01-22
12220,peggy303@inbox.io,34.6,txn_102219,2026-06-07
12221,romeo276@shop.net,63.68,txn_102220,2026-07-17
12222,miles128@example.com,54.56,txn_102221,2026-03-09
12223,laura474@test.org,5.67,txn_102222,2026-01-10
12224,wendy654@test.org,106.14,txn_102223,2026-01-15
12225,luna284@example.com,146.17,txn_102224,2026-01-17
12226,casey265@mail.com,113.14,txn_102225,2026-05-07
12227,ivan646@mail.com,70.34,txn_102226,2026-06-17
12228,david118@mail.com,18.82,txn_102227,2026-05-10
12229,casey325@inbox.io,58.8,txn_102228,2026-01-16
12230,tara999@shop.net,55.88,txn_102229,2026-04-01
12231,iris615@example.com,13.19,txn_102230,2026-05-10
12232,casey524@example.com,20.3,txn_102231,2026-05-27
12233,xander74@test.org,70.69,txn_102232,2026-02-06
12234,bob622@shop.net,120.2,txn_102233,2026-04-15
12235,pia482@shop.net,288.22,txn_102234,2026-01-08
12236,kevin46@shop.net,16.25,txn_102235,2026-06-01
12237,bob624@example.com,28.48,txn_102236,2026-07-03
12238,zoe803@inbox.io,30.8,txn_102237,2026-02-25
12239,yasmin34@inbox.io,16.26,txn_102238,2026-07-15
12240,pia979@example.com,75.16,txn_102239,2026-02-27
12241,kai589@inbox.io,60.05,txn_102240,2026-05-18
12242,uri868@example.com,175.78,txn_102241,2026-06-05
12243,eli533@inbox.io,2953.62,txn_102242,2026-05-28
12244,sybil337@mail.com,62.57,txn_102243,2026-04-03
12245,oscar323@test.org,93.85,txn_102244,2026-03-03
12246,casey371@test.org,47.03,txn_102245,2026-01-20
12247,xander620@test.org,63.97,txn_102246,2026-02-28
12248,kai948@mail.com,63.23,txn_102247,2026-04-15
12249,ray682@inbox.io,24.52,txn_102248,2026-03-15
12250,victor121@shop.net,36.58,txn_102249,2026-02-07
12251,kai648@test.org,103.77,txn_102250,2026-02-16
12252,drew171@example.com,24.75,txn_102251,2026-05-22
12253,tara761@test.org,70.21,txn_102252,2026-04-21
12254,bob75@mail.com,70.02,txn_102253,2026-04-10
12255,blake131@shop.net,46.77,txn_102254,2026-07-02
12256,sybil345@example.com,187.8,txn_102255,2026-06-01
12257,miles111@inbox.io,567.86,txn_102256,2026-07-09
12258,wendy933@test.org,38.73,txn_102257,2026-04-22
12259,sybil717@test.org,18.76,txn_102258,2026-07-16
12260,luna86@inbox.io,5.58,txn_102259,2026-06-01
12261,xander389@test.org,18.25,txn_102260,2026-07-04
12262,luna968@shop.net,107.87,txn_102261,2026-05-07
12263,victor578@example.com,44.39,txn_102262,2026-05-11
12264,blake331@shop.net,61.8,txn_102263,2026-02-06
12265,charlie441@mail.com,48.14,txn_102264,2026-06-07
12266,uma356@example.com,13.89,txn_102265,2026-03-12
12267,fiona230@test.org,2630.32,txn_102266,2026-03-08
12268,miles947@example.com,25.9,txn_103206,2026-01-25
12269,nina859@inbox.io,17.66,txn_102268,2026-06-03
12270,charlie551@inbox.io,80.8,txn_102269,2026-01-07
12271,xander289@mail.com,371.35,txn_102270,2026-07-07
12272,casey130@inbox.io,115.39,txn_102271,2026-01-29
12273,tara456@example.com,139.19,txn_102272,2026-01-23
12274,ivan750@shop.net,77.63,txn_102273,2026-01-21
12275,val745@mail.com,16.75,txn_102274,2026-03-27
12276,romeo646@test.org,160.65,txn_102275,2026-01-19
12277,tara914@shop.net,330.01,txn_102276,2026-06-30
12278,harper195@shop.net,159.34,txn_102277,2026-06-10
12279,charlie252@example.com,33.22,txn_102278,2026-02-26
12280,ray272@mail.com,41.34,txn_102279,2026-02-17
12281,uri290@test.org,52.61,txn_102280,2026-01-23
12282,harper4@mail.com,41.8,txn_102281,2026-06-06
12283,nina40@mail.com,24.73,txn_102282,2026-04-08
12284,owen241@inbox.io,41.32,txn_102283,2026-06-18
12285,laura861@shop.net,26.91,txn_102284,2026-05-05
12286,fiona613@test.org,41.07,txn_102285,2026-01-25
12287,oscar987@example.com,170.6,txn_102286,2026-03-15
12288,aria334@test.org,36.86,txn_102287,2026-02-15
12289,drew677@shop.net,57.27,txn_102288,2026-06-30
12290,ivan861@test.org,138.7,txn_102289,2026-04-16
12291,ray30@mail.com,43.06,txn_102290,2026-07-20
12292,aria576@example.com,111.39,txn_102291,2026-03-23
12293,aria829@test.org,34.9,txn_102292,2026-01-14
12294,romeo746@test.org,52.72,txn_102293,2026-01-12
12295,trent420@@test.org,70.67,txn_102294,2026-05-18
12296,nina971@example.com,383.23,txn_102295,2026-02-03
12297,miles21@inbox.io,206.34,txn_102296,2026-04-08
12298,frank935@shop.net,62.45,txn_102297,2026-01-17
12299,pia532@example.com,45.16,txn_102298,2026-02-10
12300,iris881@test.org,114.82,txn_102299,2026-02-11
12301,xander424@shop.net,60.0,txn_102300,2026-01-04
12302,charlie774@example.com,230.76,txn_102301,2026-04-12
12303,fiona161@example.com,6.82,txn_102302,2026-06-11
12304,zoe35@mail.com,14.27,txn_102303,2026-07-20
12305,yasmin135@test.org,185.19,txn_102304,2026-01-22
12306,eve517@example.com,171.49,txn_102305,2026-04-17
12307,bob761@example.com,152.58,txn_102306,2026-02-08
12308,grace812@inbox.io,67.36,txn_102307,2026-03-21
12309,uma525@test.org,116.26,txn_102308,2026-04-28
12310,mallory271@example.com,372.86,txn_102309,2026-04-07
12311,sybil96@test.org,35.47,txn_102310,2026-03-13
12312,eli930@shop.net,140.79,txn_102311,2026-04-08
12313,bob746@test.org,32.96,txn_102312,2026-05-20
12314,tara464@example.com,78.14,txn_102313,2026-04-12
12315,zoe458@mail.com,47.24,txn_102314,2026-06-14
12316,trent148@shop.net,197.1,txn_102315,2026-01-25
12317,jude213@mail.com,138.78,txn_102316,2026-03-05
12318,frank413@mail.com,40.51,txn_102317,2026-07-05
12319,kai61@mail.com,110.24,txn_102318,2026-03-21
12320,val855@shop.net,29.11,txn_102319,2026-05-25
12321,miles893@test.org,56.78,txn_102320,2026-07-13
12322,jude559+personal@test.org,76.96,txn_102321,2026-03-02
12323,uma726@test.org,46.61,txn_102322,2026-07-09
12324,uri944@example.com,57.44,txn_102323,2026-04-07
12325,ivan166@example.com,14.11,txn_102324,2026-02-20
12326,casey40@example.com,139.42,txn_102325,2026-06-10
12327,harper144@test.org,145.65,txn_102326,2026-04-13
12328,alice121@shop.net,27.07,txn_102327,2026-06-23
12329,romeo331@inbox.io,32.87,txn_102328,2026-06-16
12330,kevin298@mail.com,20.33,txn_102329,2026-06-07
12331,tara532@shop.net,40.41,txn_102330,2026-02-23
12332,victor169@mail.com,67.21,txn_102331,2026-01-03
12333,uma184@test.org,10.03,txn_102332,2026-01-02
12334,trent205@mail.com,45.33,txn_102333,2026-03-26
12335,grace640@example.com,16.73,txn_102334,2026-03-31
12336,owen905@inbox.io,52.16,txn_102335,2026-02-19
12337,romeo841@shop.net,327.85,txn_102336,2026-07-06
12338,trent640@shop.net,192.12,txn_102337,2026-05-24
12339,iris80@mail.com,12.72,txn_102338,2026-02-25
12340,romeo270@mail.com,14.5,txn_102339,2026-05-14
12341,luna339@test.org,69.01,txn_102340,2026-06-04
12342,romeo685@inbox.io,262.79,txn_102341,2026-01-01
12343,oscar94@mail.com,384.48,txn_102342,2028-09-01
12344,kevin896@test.org,10.83,txn_102343,2026-01-14
12345,ivan827@inbox.io,54.86,txn_102344,2028-07-12
12346,trent779@inbox.io,47.01,txn_102345,2026-04-07
12347,zoe724@test.org,28.38,txn_102346,2026-05-14
12348,uma81@inbox.io,181.06,txn_102347,2026-02-12
12349,owen729@shop.net,37.79,txn_102348,2026-04-24
12350,fiona702@shop.net,72.48,txn_102349,2026-06-16
12351,wendy26@mail.com,182.64,txn_102350,2026-07-17
12352,quinn746@shop.net,51.27,txn_102351,2026-02-18
12353,yasmin184@shop.net,498.63,txn_102352,2026-02-20
12354,casey539@shop.net,48.96,txn_102353,2026-03-26
12355,grace938@shop.net,74.12,txn_102354,2026-06-05
12356,romeo663@example.com,40.91,txn_102355,2026-01-12
12357,sam281@shop.net,77.84,txn_102356,2026-01-08
12358,tara623@test.org,41.77,txn_102357,2026-05-02
12359,val827@inbox.io,32.72,txn_102358,2026-06-06
12360,tara723@mail.com,184.51,txn_102359,2026-02-03
12361,frank855@test.org,86.73,txn_102360,2026-06-13
12362,tara322@example.com,45.81,txn_102361,2026-02-19
12363,pia756@inbox.io,67.8,txn_102362,2026-03-23
12364,tara928@mail.com,1583.2,txn_102363,2026-04-04
12365,harper964@example.com,36.23,txn_102364,2026-06-20
12366,quinn67@example.com,62.1,txn_102365,2026-02-07
12367,uri86@shop.net,8.34,txn_102366,2026-06-05
12368,mallory420@inbox.io,61.01,txn_102367,2026-01-01
12369,,30.61,txn_102368,2026-05-26
12370,sam580@example.com,226.45,txn_102369,2026-01-24
12371,laura191@example.com,52.0,txn_102370,2026-01-06
12372,zoe808@mail.com,52.85,txn_102371,2026-04-28
12373,frank316@mail.com,157.08,txn_102372,2026-02-18
12374,val318@mail.com,57.94,txn_102373,2026-02-15
12375,romeo579@mail.com,21.95,txn_102374,2026-02-18
12376,romeo182@mail.com,889.03,txn_102375,2026-04-23
12377,quentin502@example.com,32.27,txn_102376,2026-07-17
12378,pia461@inbox.io,162.44,txn_102377,2026-02-13
12379,charlie395@inbox.io,47.65,txn_102378,2026-06-29
12380,blake662@shop.net,175.55,txn_102379,2026-02-23
12381,victor565@inbox.io,175.32,txn_102380,2026-01-24
12382,gabe265@mail.com,24.56,txn_102381,2026-01-30
12383,harper487@mail.com,49.01,txn_102382,2026-04-06
12384,kai675@test.org,7.54,txn_102383,2026-06-29
12385,grace891@shop.net,247.63,txn_102384,2026-05-02
12386,victor664@shop.net,256.13,txn_102385,2026-04-02
12387,trent479@mail.com,61.4,txn_102386,2026-04-23
12388,nora608@test.org,37.62,txn_102387,2026-04-13
12389,eli259@mail.com,152.11,txn_102388,2026-05-04
12390,ray308@test.org,74.67,txn_102389,2026-03-01
12391,wren111@inbox.io,63.06,txn_102390,2026-05-28
12392,zach30@inbox.io,17.48,txn_102391,2026-03-18
12393,miles204@inbox.io,370.4,txn_102392,2026-02-05
12394,ivan808@shop.net,491.1,txn_102393,2026-03-21
12395,zoe821@mail.com,34.7,txn_102394,2026-04-28
12396,alice206@mail.com,116.15,txn_102395,2026-01-21
12397,laura879@mail.com,11.76,txn_102396,2026-03-04
12398,judy866@inbox.io,80.59,txn_102397,2026-02-10
12399,wendy483@example.com,34.55,txn_102398,2026-02-24
12400,eli852@test.org,23.21,txn_102399,2026-01-25
12401,yasmin326@mail.com,96.02,txn_102400,2026-07-17
12402,uma840@shop.net,70.45,txn_102401,2026-06-02
12403,zach74@inbox.io,55.24,txn_102402,2026-05-31
12404,bob907@mail.com,62.59,txn_102403,2026-04-05
12405,xander514@shop.net,153.27,txn_102404,2026-07-12
12406,zach662@example.com,42.5,txn_102405,2026-01-12
12407,nina446@shop.net,33.8,txn_102406,2026-02-16
12408,blake292@mail.com,55.65,txn_102407,2026-05-04
12409,charlie982@shop.net,253.86,txn_102408,2026-04-12
12410,ray855@inbox.io,65.47,txn_102409,2026-03-30
12411,ray672@example.com,176.43,txn_102410,2026-01-04
12412,kevin132@shop.net,33.8,txn_102411,2026-04-27
12413,alice670@test.org,320.51,txn_102412,2026-07-17
12414,david436@shop.net,52.56,txn_102413,2026-06-04
12415,casey382@inbox.io,165.44,txn_102414,2026-05-17
12416,xander805@example.com,36.8,txn_102415,2026-07-14
12417,yasmin154@example.com,76.12,txn_102416,2026-07-01
12418,luna203@shop.net,51.09,txn_102417,2026-04-27
12419,blake476@example.com,14.12,txn_102418,2026-05-06
12420,drew52@shop.net,162.37,txn_102419,2026-03-06
12421,blake692@shop.net,66.44,txn_102420,2026-05-19
12422,romeo301@mail.com,6.31,txn_102421,2026-03-25
12423,trent611@example.com,59.89,txn_102422,2026-05-17
12424,val255@test.org,45.12,txn_102423,2026-02-02
12425,uri649@mail.com,71.95,txn_102424,2026-03-30
12426,drew250@inbox.io,471.07,txn_102425,2026-07-07
12427,harper470@inbox.io,29.49,txn_102426,2026-01-10
12428,judy742@inbox.io,71.15,txn_102427,2026-04-08
12429,,424.78,txn_102428,2026-04-19
12430,zach189@example.com,277.06,txn_102429,2026-06-17
12431,val857@example.com,489.55,txn_102430,2026-02-19
12432,kai311@shop.net,45.44,txn_102431,2026-03-04
12433,sam384@example.com,21.14,txn_102432,2026-04-22
12434,romeo284@mail.com,8.43,txn_102433,2026-04-13
12435,laura280@shop.net,20.54,txn_102434,2026-07-20
12436,aria282@mail.com,49.93,txn_102435,2026-06-12
12437,uma227@example.com,58.18,txn_102436,2026-02-26
12438,eve295@inbox.io,153.12,txn_102437,2026-04-28
12439,luna651@test.org,45.61,txn_102438,2026-05-02
12440,jude352@example.com,30.98,txn_102439,2026-04-24
12441,judy875@test.org,105.28,txn_102440,2026-06-28
12442,kevin262@test.org,54.55,txn_102441,2026-05-27
12443,frank575@test.org,624.64,txn_102442,2026-07-11
12444,harper312@shop.net,28.65,txn_102443,2026-06-22
12445,drew160@example.com,17.51,txn_102444,2026-04-01
12446,kai426@test.org,535.11,txn_102445,2026-03-14
12447,jude241@test.org,45.32,txn_102446,2026-04-07
12448,miles100@example.com,20.85,txn_102447,2026-01-29
12449,kai183@shop.net,172.02,txn_102448,2026-07-08
12450,zach419@inbox.io,21.33,txn_102449,2026-06-03
12451,romeo789@shop.net,12.92,txn_102450,2026-06-25
12452,owen515@shop.net,34.41,txn_102451,2026-04-14
12453,fiona294@test.org,133.93,txn_102452,2026-02-15
12454,zach4@shop.net,30.05,txn_102453,2026-04-29
12455,pia700@mail.com,315.01,txn_102454,2026-06-17
12456,aria421@test.org,7.18,txn_102455,2026-02-27
12457,ivan635@inbox.io,11.04,txn_102456,2026-05-27
12458,uri969@test.org,50.74,txn_102457,2026-02-12
12459,kai701@test.org,32.77,txn_102458,2026-07-10
12460,miles566@test.org,19.48,txn_102459,2026-02-11
12461,drew741@shop.net,101.03,txn_102460,2026-07-02
12462,mallory136@shop.net,72.08,txn_102461,2026-02-22
12463,kai471@test.org,50.24,txn_102462,2026-03-03
12464,laura513@test.org,65.28,txn_102463,2026-03-26
12465,kevin474@mail.com,88.38,txn_102464,2026-07-11
12466,charlie888@test.org,40.27,txn_102465,2029-01-12
12467,eve981@test.org,58.7,txn_102466,2026-01-31
12468,tara663@inbox.io,1572.15,txn_102467,2026-04-23
12469,eli300@example.com,179.4,txn_102468,2026-07-05
12470,zoe373@example.com,74.55,txn_102469,2026-06-11
12471,pia439@test.org,92.43,txn_102470,2026-03-09
12472,wren772@inbox.io,166.64,txn_102471,2026-04-04
12473,aria146@shop.net,438.67,txn_102472,2026-02-23
12474,quentin338@example.com,10.56,txn_102473,2026-07-01
12475,fiona776@mail.com,27.15,txn_102474,2026-04-24
12476,victor717@test.org,25.65,txn_102475,2026-01-10
12477,wren152@mail.com,6.95,txn_102476,2026-04-05
12478,kai731@shop.net,75.86,txn_102477,2026-02-10
12479,kai487@shop.net,160.79,txn_102478,2026-02-09
12480,val151@mail.com,69.44,txn_102479,2026-03-07
12481,owen29@mail.com,149.99,txn_102480,2026-02-07
12482,luna266@example.com,43.14,txn_102481,2026-05-13
12483,zach634@test.org,491.72,txn_102482,2026-06-14
12484,judy874@inbox.io,44.25,txn_102483,2026-04-07
12485,fiona892@mail.com,18.15,txn_102484,2026-04-08
12486,alice351@example.com,20.48,txn_102485,2026-02-08
12487,romeo797@inbox.io,94.35,txn_102486,2026-02-20
12488,wendy471@test.org,52.9,txn_102487,2026-01-04
12489,val920@inbox.io,20.19,txn_102488,2026-06-20
12490,charlie642@test.org,29.71,txn_102489,2026-01-18
12491,romeo985@inbox.io,60.59,txn_102490,2026-01-21
12492,david581@test.org,23.35,txn_102491,2026-07-09
12493,,39.2,txn_102492,2026-01-11
12494,miles566@shop.net,60.73,txn_102493,2026-07-07
12495,eve536@mail.com,20.58,txn_102494,2026-03-04
12496,luna489@inbox.io,45.27,txn_102495,2026-07-20
12497,david809@shop.net,19.73,txn_102496,2026-01-30
12498,casey488@example.com,45.68,txn_102497,2026-02-25
12499,miles308@test.org,48.63,txn_102498,2026-01-29
12500,uri797@test.org,49.17,txn_102499,2026-06-12
12501,nora1@test.org,35.54,txn_102500,2026-03-11
12502,fiona337@mail.com,43.57,txn_102501,2026-06-15
12503,trent889@shop.net,30.59,txn_102502,2026-06-23
12504,jude317@inbox.io,13.36,txn_102503,2026-07-13
12505,laura7@test.org,78.08,txn_102504,2026-05-01
12506,fiona184@mail.com,37.4,txn_102505,2026-03-19
12507,grace351@test.org,45.39,txn_102506,2026-02-16
12508,mallory782@example.com,28.04,txn_102507,2026-03-20
12509,uma484@inbox.io,27.5,txn_102508,2026-06-06
12510,nina689@inbox.io,16.73,txn_102509,2026-07-16
12511,zach873@mail.com,54.69,txn_102510,2026-03-25
12512,harper670@test.org,36.27,txn_102511,2026-07-05
12513,romeo956@mail.com,75.07,txn_102512,2026-03-19
12514,xander314@mail.com,31.55,txn_102513,2026-07-10
12515,uma316@test.org,34.52,txn_102514,2026-04-17
12516,,306.08,txn_102515,2026-02-05
12517,drew20@shop.net,104.27,txn_102516,2026-06-19
12518,tara302@shop.net,82.84,txn_102517,2026-04-20
12519,yasmin572@shop.net,19.96,txn_102518,2026-02-25
12520,nora451@inbox.io,92.82,txn_102519,2026-03-04
12521,kevin741@shop.net,59.09,txn_102520,2026-05-01
12522,charlie705@test.org,411.95,txn_102521,2026-03-05
12523,romeo601@inbox.io,12.61,txn_102522,2026-06-13
12524,victor551@shop.net,74.27,txn_102523,2026-01-29
12525,eli902@mail.com,118.95,txn_102524,2026-07-18
12526,uri845@test.org,16.28,txn_102525,2026-03-18
12527,kai576@mail.com,23.39,txn_102526,2026-05-27
12528,iris571@shop.net,26.86,txn_102527,2026-01-06
12529,ivan892@example.com,165.37,txn_102528,2026-03-22
12530,xander766@test.org,102.1,txn_102529,2026-04-30
12531,oscar371@test.org,55.83,txn_102530,2026-06-30
12532,quentin619@shop.net,82.78,txn_102531,2026-01-31
12533,pia438@test.org,41.48,txn_102532,2026-01-13
12534,harper935@example.com,1060.21,txn_102533,2026-05-25
12535,blake983@example.com,64.87,txn_102534,2026-05-18
12536,fiona589@shop.net,10.03,txn_102535,2026-01-20
12537,kai998@example.com,13.43,txn_102536,2026-02-10
12538,gabe588@example.com,383.01,txn_102537,2026-02-18
12539,wren786@example.com,66.33,txn_102538,2026-04-30
12540,casey667@mail.com,18.63,txn_102539,2026-05-28
12541,victor541@test.org,168.74,txn_102540,2026-04-21
12542,bob589@test.org,51.78,txn_102541,2026-04-10
12543,bob231@example.com,16.29,txn_102542,2026-02-27
12544,luna546@shop.net,54.91,txn_102543,2026-07-17
12545,kai915@shop.net,184.07,txn_102544,2026-02-09
12546,mallory212@mail.com,12.57,txn_102545,2026-05-17
12547,miles799@example.com,31.14,txn_102546,2026-01-18
12548,uma951@shop.net,20.66,txn_102547,2026-03-19
12549,kevin278@test.org,73.99,txn_102548,2026-07-17
12550,wendy141@example.com,193.33,txn_102549,2026-02-01
12551,yasmin455@example.com,182.5,txn_102550,2026-02-23
12552,yasmin458@example.com,19.9,txn_102551,2026-07-17
12553,yasmin835@inbox.io,77.69,txn_102552,2026-05-10
12554,luna125@inbox.io,20.72,txn_102553,2026-05-06
12555,val367@inbox.io,118.03,txn_102554,2026-02-18
12556,nina819@example.com,40.85,txn_102555,2026-05-11
12557,heidi17@test.org,65.26,txn_102556,2026-04-13
12558,grace370@shop.net,450.96,txn_102557,2026-04-22
12559,pia235@shop.net,626.68,txn_102558,2026-06-14
12560,yasmin17@test.org,282.41,txn_102559,2026-06-15
12561,uma145@example.com,101.28,txn_102560,2026-01-03
12562,ivan160@inbox.io,40.24,txn_102561,2026-01-10
12563,david822@inbox.io,60.49,txn_102562,2026-03-17
12564,xander425@inbox.io,130.31,txn_102563,2026-02-14
12565,harper760@mail.com,160.24,txn_102564,2026-04-04
12566,heidi31@mail.com,27.95,txn_102565,2026-06-10
12567,xander637@shop.net,63.75,txn_102566,2026-03-26
12568,bob36@test.org,97.32,txn_102567,2026-04-15
12569,charlie387@inbox.io,166.7,txn_102568,2026-02-13
12570,kevin16@example.com,21.7,txn_102569,2026-04-18
12571,eve992@example.com,78.75,txn_102570,2026-05-18
12572,casey878@mail.com,52.76,txn_102571,2026-03-21
12573,eli922@test.org,238.46,txn_102572,2026-06-18
12574,iris980@shop.net,228200.88,txn_102573,2026-05-03
12575,fiona201@inbox.io,43.61,txn_102574,2026-02-06
12576,oscar762@example.com,35.29,txn_102575,2026-06-07
12577,grace232@mail.com,59.75,txn_102576,2026-03-19
12578,victor685@test.org,43.77,txn_102577,2026-03-10
12579,wren336@mail.com,54.59,txn_102578,2026-05-29
12580,val766@example.com,315.51,txn_102579,2026-01-13
12581,mallory15@mail.com,7.56,txn_102580,2026-03-02
12582,kevin331@test.org,41.06,txn_102581,2026-03-30
12583,mallory416@inbox.io,21.11,txn_102582,2026-06-09
12584,quentin451@inbox.io,25.95,txn_102583,2026-07-16
12585,gabe346@shop.net,779.48,txn_102584,2026-03-29
12586,fiona468@inbox.io,55.1,txn_102585,2026-03-29
12587,wren270@inbox.io,32.41,txn_102586,2026-06-14
12588,bob130@inbox.io,78.13,txn_102587,2026-01-29
12589,heidi730@inbox.io,70.5,txn_102588,2026-03-20
12590,casey567@test.org,624.45,txn_102589,2026-05-10
12591,laura840@test.org,499.56,txn_102590,2026-02-19
12592,judy795@mail.com,60.01,txn_102591,2026-04-01
12593,harper799@inbox.io,69.49,   ,31/02/2026
12594,david372@inbox.io,57.03,txn_102593,2026-05-16
12595,kevin163@shop.net,17.42,txn_102594,2026-06-12
12596,nora864@mail.com,414.83,txn_102595,2026-05-19
12597,nora879@test.org,8.67,txn_102596,2026-04-13
12598,sybil923@test.org,36.59,txn_102597,2026-05-02
12599,drew140@shop.net,116.0,txn_102598,2026-01-20
12600,quentin685@inbox.io,74.23,txn_102599,2026-06-06
12601,miles61@example.com,96.84,txn_102600,2026-05-04
12602,kevin401@mail.com,157.53,txn_102601,2026-04-11
12603,luna255@mail.com,88.46,txn_102602,2026-03-12
12604,ivan127@test.org,150.31,txn_102603,2026-06-22
12605,judy455@mail.com,25.66,txn_102604,2026-03-25
12606,alice534@example.com,12.7,txn_102605,2026-06-10
12607,miles238@test.org,27.41,txn_102606,2026-02-01
12608,iris466@inbox.io,71.02,txn_102607,2026-07-13
12609,uri897@shop.net,79.1,txn_102608,2026-04-08
12610,quentin642@example.com,48.87,txn_102609,2026-07-01
12611,sam777@test.org,44.21,txn_102610,2026-01-23
12612,uri983@inbox.io,32.19,txn_102611,2026-06-20
12613,fiona432@test.org,12.89,txn_102612,2026-07-17
12614,romeo927@shop.net,43.09,txn_102613,2026-04-18
12615,quinn366@shop.net,12.58,txn_102614,2026-05-05
12616,peggy507@inbox.io,37.53,txn_102615,2026-03-10
12617,grace575@test.org,47.42,txn_102616,2026-06-05
12618,harper44@test.org,49.28,txn_102617,2026-06-14
12619,grace98@inbox.io,62.3,txn_102618,2026-04-03
12620,luna432@inbox.io,166.19,txn_102619,2026-01-11
12621,wendy873@test.org,69.76,txn_102620,2026-01-10
12622,zach686@test.org,264.81,txn_102621,2026-02-16
12623,bob102@shop.net,35.91,txn_102622,2026-01-08
12624,uri870@test.org,123.03,txn_102623,2026-06-24
12625,wendy997@shop.net,282.99,txn_102624,2026-07-20
12626,david470@shop.net,52.61,txn_102625,2026-07-16
12627,kevin572@mail.com,145.67,txn_102626,2026-03-24
12628,val772@test.org,66.16,txn_102627,2026-05-08
12629,frank361@shop.net,60.49,txn_102628,2026-02-28
12630,uma104@shop.net,227.13,txn_102629,2026-04-14
12631,uma510@inbox.io,61.74,txn_102630,2026-02-21
12632,quentin360@test.org,37.83,txn_102631,2026-04-03
12633,wren983@mail.com,6.19,txn_102632,2026-02-18
12634,luna931@shop.net,53.17,txn_102633,2026-03-17
12635,wren552@inbox.io,51.39,txn_102634,2026-01-20
12636,mallory93@example.com,189.76,txn_102635,2026-06-19
12637,zach150@shop.net,143.94,txn_102636,2026-04-12
12638,ivan107@test.org,168.35,txn_102637,2026-03-17
12639,nora995@inbox.io,79.96,txn_102638,2026-04-24
12640,charlie562@mail.com,79.45,txn_102639,2026-01-07
12641,fiona854@mail.com,21.42,txn_102640,2026-02-27
12642,casey149@mail.com,23.28,txn_102641,2026-01-06
12643,nora859@test.org,46.72,txn_102642,2026-05-26
12644,mallory191@test.org,149.71,txn_102643,2026-06-10
12645,kai765@test.org,64.76,txn_102644,2026-04-04
12646,quentin380@test.org,74.41,txn_102645,2026-03-02
12647,uma366@inbox.io,56.99,txn_102646,2026-03-24
12648,sam815@mail.com,14.66,txn_102647,2026-07-20
12649,gabe549@test.org,65.54,txn_102648,2026-06-04
12650,oscar735@shop.net,197.18,txn_102649,2026-02-27
12651,drew589@shop.net,135.23,txn_102650,2026-04-23
12652,fiona447@inbox.io,79.68,txn_102651,2026-04-25
12653,jude573@test.org,72.19,txn_102652,2026-05-03
12654,tara66@mail.com,9.91,txn_102653,2026-07-04
12655,romeo259@inbox.io,418.33,txn_102654,2026-07-02
12656,miles442@test.org,193.13,txn_102655,2026-04-12
12657,nina318@test.org,55.6,txn_102656,2026-03-26
12658,oscar818@inbox.io,193.55,txn_102657,2026-02-06
12659,zoe698@inbox.io,69.71,txn_102658,2026-06-06
12660,david602@shop.net,78.3,txn_102659,2026-06-07
12661,eve424@inbox.io,167.91,txn_102660,2026-03-05
12662,miles856@mail.com,3730.16,txn_102661,2026-05-07
12663,uri340@example.com,75.96,txn_102662,2026-05-27
12664,sam825@test.org,57.23,txn_102663,2026-02-05
12665,victor99@mail.com,18.31,txn_102664,2026-04-21
12666,quentin93@test.org,35.11,txn_102665,2026-02-28
12667,wendy348@example.com,12.05,txn_102666,2026-03-07
12668,bob63@inbox.io,588.72,txn_102667,2026-04-06
12669,grace2@mail.com,358.74,txn_102668,2026-01-02
12670,uma314@test.org,72.89,txn_102669,2026-05-25
12671,xander979@example.com,52.74,txn_102670,2026-05-08
12672,laura224@inbox.io,645.45,txn_102671,2026-06-24
12673,judy384@inbox.io,71.86,txn_102672,2026-06-30
12674,zoe520@mail.com,66.42,txn_102673,2026-01-08
12675,nora958@example.com,76.85,txn_102674,2026-01-31
12676,trent111@shop.net,18.53,txn_102675,2026-05-13
12677,kevin510@example.com,16.64,txn_102676,2026-06-06
12678,victor951@test.org,67.38,txn_102677,2026-07-20
12679,casey685@example.com,30.38,txn_102678,2026-04-04
12680,judy984@mail.com,102.6,txn_102679,2026-04-14
12681,charlie61@shop.net,476.34,txn_102680,2026-06-18
12682,tara102@inbox.io,90.91,txn_102681,2026-06-17
12683,uma577@inbox.io,44.89,txn_102682,2026-04-11
12684,wren659@inbox.io,29.02,txn_102683,2026-04-25
12685,wren300@mail.com,327.9,txn_102684,2026-04-22
12686,yasmin503@example.com,12.82,txn_102685,2026-05-24
12687,eli399@inbox.io,79.42,txn_102686,2026-07-17
12688,sybil541@example.com,102.57,txn_102687,2026-01-23
12689,trent766@inbox.io,362.84,txn_102688,2026-06-14
12690,uma548@example.com,77.51,txn_102689,2026-04-09
12691,mallory988@shop.net,66.78,txn_102690,2026-06-25
12692,blake537@inbox.io,141.05,txn_102691,2026-06-24
12693,sam933@example.com,39.29,txn_102692,2026-02-17
12694,oscar75@shop.net,139.43,txn_102693,2026-05-27
12695,owen16@inbox.io,33.61,txn_102694,2026-06-26
12696,heidi5@shop.net,397.88,txn_102695,2026-03-26
12697,laura847@test.org,73.82,txn_102696,2026-04-13
12698,charlie146@mail.com,51.63,txn_102697,2026-03-08
12699,blake728@inbox.io,155.14,txn_102698,2026-02-22
12700,pia420@shop.net,36.19,txn_102699,2026-04-16
12701,yasmin863@shop.net,445.02,txn_102700,2026-05-05
12702,quentin11@inbox.io,34.66,txn_102701,2026-06-28
12703,zoe132@test.org,21.72,txn_102702,2026-06-13
12704,heidi163@example.com,346.56,txn_102703,2026-02-16
12705,iris172@shop.net,276.95,txn_102704,2026-06-24
12706,tara292@test.org,26.35,txn_102705,2026-05-26
12707,quentin780@example.com,66.72,txn_102706,2026-02-21
12708,frank867@inbox.io,14.53,txn_102707,2026-01-10
12709,eli112@test.org,7.85,txn_102708,2026-04-10
12710,laura781@example.com,10.06,txn_102709,2026-04-22
12711,nora449@shop.net,133.04,txn_102710,2026-07-16
12712,charlie786@inbox.io,1652.82,txn_102711,2026-07-05
12713,uma583@example.com,16.45,txn_102712,2026-03-06
12714,laura474@shop.net,53.31,txn_102713,2026-04-11
12715,yasmin970@mail.com,9.77,txn_102714,2026-02-17
12716,owen344@mail.com,37.92,txn_102715,2026-04-23
12717,eve617@mail.com,46.76,txn_102716,2026-02-06
12718,jude59@shop.net,9.88,txn_102717,2026-05-13
12719,iris634@example.com,166.89,txn_102718,2026-03-24
12720,xander147@example.com,,txn_102719,2026-01-02
12721,yasmin577@example.com,34.06,txn_102720,2026-05-26
12722,heidi781@mail.com,47.27,txn_102721,2026-01-19
12723,bob960@test.org,33.95,txn_102722,2026-06-25
12724,nora461@test.org,271.3,txn_102723,2026-05-06
12725,nora354@shop.net,4255.52,txn_102724,2026-05-03
12726,judy550@test.org,106.86,txn_102725,2026-03-15
12727,owen987@mail.com,499.74,txn_102726,2026-02-11
12728,xander443@example.com,97.28,txn_102727,2026-04-28
12729,aria873@inbox.io,35.17,txn_102728,2026-06-10
12730,wendy965@mail.com,71.27,txn_102729,2026-04-28
12731,uri455@test.org,339.06,txn_102730,2026-03-28
12732,uma137@test.org,104.71,txn_102731,2026-02-25
12733,tara583@mail.com,70.52,txn_102732,2026-06-18
12734,nora922@shop.net,69.68,txn_102733,2026-04-15
12735,xander219@shop.net,40.27,txn_102734,2026-05-19
12736,pia308@test.org,486.72,txn_102735,2026-06-09
12737,aria205@,46.38,txn_102736,2026-02-10
12738,quinn960@test.org,18.52,txn_102737,2026-04-24
12739,bob396@mail.com,17.93,txn_102738,2026-07-10
12740,ray788@inbox.io,35.14,txn_102739,2026-07-20
12741,mallory422@mail.com,23.43,txn_102740,2026-07-09
12742,ivan324@test.org,62.25,txn_102741,2026-05-16
12743,val693@example.com,9.9,txn_102742,2026-01-06
12744,alice340@example.com,117.6,txn_102743,2026-04-02
12745,mallory981@mail.com,68.05,txn_102744,2026-04-03
12746,nora598@shop.net,333.99,txn_102745,2026-03-28
12747,tara297@mail.com,65.18,txn_102746,2026-02-10
12748,judy426@mail.com,73.27,txn_102747,2026-04-15
12749,kevin566@inbox.io,57.49,txn_102748,2026-03-13
12750,sam117@mail.com,16.0,txn_102749,2026-04-24
12751,grace139@example.com,136.74,txn_102750,2026-05-03
12752,kevin601@example.com,66.35,txn_102751,2026-04-23
12753,luna187@inbox.io,6.49,txn_102752,2026-05-06
12754,quinn353@inbox.io,198.54,txn_102753,2026-04-05
12755,eve139@mail.com,55.8,txn_102754,2026-02-08
12756,heidi985@mail.com,26.93,txn_102755,2026-01-22
12757,wendy819@inbox.io,51.64,txn_102756,2026-06-01
12758,aria374@mail.com,103.04,txn_102757,2026-03-13
12759,harper502@example.com,17.52,txn_102758,2026-06-16
12760,peggy270@shop.net,37.47,txn_102759,2026-01-11
12761,romeo676@test.org,46.35,txn_102760,2026-02-03
12762,nora753@example.com,27.7,txn_102761,2026-02-21
12763,eli398@test.org,55.39,txn_102762,2026-06-28
12764,yasmin376@shop.net,182.44,txn_102763,2026-07-20
12765,blake725@test.org,75.72,txn_102764,2026-02-14
12766,quentin198@inbox.io,25.0,txn_102765,2026-04-26
12767,quinn825@example.com,28.9,txn_102766,2026-05-11
12768,heidi831@example.com,62.15,txn_102767,2026-03-04
12769,eve383@mail.com,47.89,txn_102768,2026-03-02
12770,zoe885@example.com,59.23,txn_102769,2026-07-08
12771,victor73@inbox.io,51.96,txn_102770,2026-04-28
12772,owen805@shop.net,50.94,txn_102771,2026-01-15
12773,tara205@mail.com,477.97,txn_102772,2026-02-17
12774,frank4@example.com,56.42,txn_102773,2026-02-23
12775,david397@example.com,44.7,txn_102774,2026-05-02
12776,mallory620@test.org,136.31,txn_102775,2026-07-07
12777,ray886@inbox.io,133.1,txn_102776,2026-05-10
12778,alice181@example.com,894.89,txn_102777,2026-05-19
12779,kai717@mail.com,62.12,txn_102778,2026-02-18
12780,laura775@shop.net,743.64,txn_102779,2026-06-12
12781,luna616@shop.net,53.04,txn_102780,2026-02-25
12782,blake845@shop.net,23.06,txn_102781,2026-01-02
12783,pia289@shop.net,87.76,txn_102782,2026-01-17
12784,fiona925@shop.net,154.38,txn_102783,2026-04-21
12785,frank13@test.org,1511.75,txn_102784,2026-03-23
12786,luna715@shop.net,55.86,txn_102785,2026-01-17
12787,kai745@shop.net,134.09,txn_102786,2026-07-10
12788,eli512@shop.net,41.68,txn_102787,2026-05-20
12789,val234@mail.com,8.2,txn_102788,2026-04-01
12790,aria902@test.org,74.26,txn_102789,2026-04-14
12791,drew464@test.org,60.34,txn_102790,2026-04-09
12792,aria895@example.com,28.75,txn_102791,2026-06-11
12793,judy375@test.org,64.35,txn_102792,2026-06-19
12794,laura608@mail.com,265.1,txn_102793,2026-01-05
12795,zach154@test.org,19.83,txn_102794,2026-05-08
12796,zach311@mail.com,182.46,txn_102795,2026-03-13
12797,oscar499@mail.com,42.44,txn_102796,2026-04-22
12798,kevin993@test.org,31.5,txn_102797,2026-01-28
12799,eve723@shop.net,26.7,txn_102798,2026-03-02
12800,harper823@test.org,41.79,txn_102799,2026-03-20
12801,owen347@mail.com,56.3,txn_102800,2026-04-20
12802,nora614@example.com,26.14,txn_102801,2026-07-05
12803,xander379@mail.com,40.51,txn_102802,2026-01-05
12804,casey428@shop.net,75.84,txn_102803,2026-06-26
12805,oscar650@shop.net,491.76,txn_102804,2026-03-13
12806,jude592@shop.net,163.8,txn_102805,2026-02-02
12807,uma995@inbox.io,412.43,txn_102806,2026-06-06
12808,peggy501@mail.com,71.79,txn_102807,2026-03-22
12809,gabe394@example.com,154.83,txn_102808,2026-01-21
12810,harper474@test.org,71.82,txn_102809,2026-07-06
12811,romeo461@example.com,19.49,txn_102810,2026-07-17
12812,romeo373@mail.com,87.08,txn_102811,2026-03-05
12813,oscar336@example.com,51.55,txn_102812,2026-05-24
12814,judy980@shop.net,78.9,txn_102813,2026-06-04
12815,iris844@mail.com,102.58,txn_102814,2026-06-02
12816,miles303@example.com,168.26,txn_102815,2026-02-19
12817,harper290@inbox.io,33.2,txn_102816,2026-06-29
12818,alice268@shop.net,27.21,txn_102817,2026-01-08
12819,pia81@test.org,63.18,txn_102818,2026-02-07
12820,casey569@test.org,38.31,txn_102819,2026-03-22
12821,grace467@shop.net,57.97,txn_102820,2026-04-27
12822,sybil601@mail.com,76.71,txn_102821,2026-02-01
12823,david566@shop.net,15.63,txn_102822,2026-07-04
12824,yasmin27@inbox.io,53.47,txn_102823,2026-04-12
12825,laura628@shop.net,84.14,txn_102824,2026-03-14
12826,uma775@inbox.io,71.24,txn_102825,2026-01-15
12827,uri509@mail.com,10.09,txn_102826,2026-02-08
12828,grace168@inbox.io,270.5,txn_102827,2026-07-13
12829,xander347@shop.net,30.77,txn_102828,2026-01-18
12830,fiona559@test.org,36.23,txn_102829,2026-04-12
12831,sam562@mail.com,177.72,txn_102830,2026-04-25
12832,kevin782@example.com,278.23,txn_102831,2026-03-03
12833,david25@inbox.io,68.22,txn_102832,2026-02-27
12834,eli44@example.com,22.45,txn_102833,2026-02-09
12835,ivan328@inbox.io,61.7,txn_102834,2026-06-21
12836,zach523@example.com,139.07,txn_102835,2026-06-21
12837,tara564@test.org,20.01,txn_102836,2026-01-10
12838,nina597@mail.com,31.2,txn_102837,2026-01-21
12839,luna522@shop.net,99.7,txn_102838,2026-02-24
12840,judy8@inbox.io,423.28,txn_102839,2026-03-14
12841,romeo384@inbox.io,16.99,txn_102840,2026-02-21
12842,wren263@inbox.io,29.53,txn_102841,2026-03-08
12843,zach667@example.com,7.16,txn_102842,2026-06-04
12844,pia789@inbox.io,18.86,txn_102843,2026-01-11
12845,yasmin761@example.com,261.67,txn_102844,2026-07-14
12846,kai853@shop.net,21.08,txn_102845,2026-06-01
12847,trent475@shop.net,51.96,txn_102846,2026-05-26
12848,quentin524@mail.com,5.93,txn_102847,2026-02-16
12849,victor512@mail.com,316.57,txn_102848,2026-03-25
12850,drew617@test.org,190.5,txn_102849,2026-05-03
12851,jude293@inbox.io,160.04,txn_102850,2026-03-05
12852,eve110@inbox.io,182.32,txn_102851,2026-06-08
12853,david970@example.com,5.0,txn_102852,2026-04-24
12854,yasmin985@inbox.io,9.02,txn_102853,2026-02-25
12855,pia995@mail.com,70.73,txn_102854,2026-01-20
12856,romeo670@test.org,62.78,txn_102855,2026-01-31
12857,trent270@mail.com,74.92,txn_102856,2026-02-22
12858,heidi902@example.com,342.95,txn_102857,2026-01-04
12859,heidi743@example.com,70.23,txn_102858,2026-05-29
12860,sam280@inbox.io,57.72,txn_102859,2026-05-03
12861,eve221@mail.com,55.85,txn_102860,2026-01-08
12862,charlie443@test.org,129.49,txn_102861,2026-01-04
12863,kai673@example.com,62.71,txn_102862,2026-03-13
12864,tara737@shop.net,65.15,txn_102863,2026-01-07
12865,quinn987@shop.net,108.18,txn_102864,2026-04-25
12866,alice895@example.com,69.27,txn_102865,2026-05-24
12867,sam811@test.org,68.63,txn_102866,2026-01-13
12868,sybil91@shop.net,39.22,txn_102867,2026-05-01
12869,iris383@mail.com,32.85,txn_102868,2026-05-22
12870,iris329@mail.com,121.61,txn_102869,2026-02-14
12871,luna382@test.org,31.06,txn_102870,2026-03-16
12872,judy692@test.org,32.02,txn_102871,2026-04-21
12873,frank260@inbox.io,119.94,txn_102872,2026-04-02
12874,pia462@test.org,183.42,txn_102873,2026-02-12
12875,charlie519@shop.net,494.81,txn_102874,2026-02-07
12876,miles554@shop.net,60.86,txn_102875,2026-05-27
12877,ivan845@mail.com,11.13,txn_102876,2026-04-18
12878,heidi558@inbox.io,12.79,txn_102877,2026-01-02
12879,quentin681@inbox.io,421.91,txn_102878,2026-06-25
12880,tara501@shop.net,59.89,txn_102879,2026-04-06
12881,jude536@test.org,34.46,txn_102880,2026-05-28
12882,wendy705@test.org,92.77,txn_102881,2026-06-13
12883,pia160@test.org,-50.88,txn_102882,2026-02-18
12884,tara915@example.com,140.54,txn_102883,2026-01-28
12885,fiona938@mail.com,76.26,txn_102884,2026-03-03
12886,wren311@test.org,145.04,txn_102885,2026-01-25
12887,mallory17@example.com,14.08,txn_102886,2026-02-17
12888,zoe69@example.com,76.33,txn_102887,2026-04-19
12889,wendy11@test.org,27.52,txn_102888,2026-04-10
12890,xander312@mail.com,49.23,txn_102889,2026-05-03
12891,owen608@inbox.io,41.85,txn_102890,2026-01-09
12892,fiona360@shop.net,57.55,txn_102891,2026-04-09
12893,wren789@inbox.io,56.64,txn_102892,2026-06-08
12894,wendy28@test.org,77.21,txn_102893,2026-07-14
12895,frank259@test.org,11.22,txn_102894,2026-07-05
12896,tara466@example.com,30.3,txn_102895,2026-06-04
12897,eli331@example.com,63.29,txn_102896,2026-04-26
12898,nina421@inbox.io,56.29,txn_102897,2026-06-01
12899,ray958@example.com,10.18,txn_102898,2026-02-16
12900,drew714@shop.net,65.1,txn_102899,2026-05-18
12901,pia260@example.com,57.37,txn_102900,2026-05-06
12902,laura301@test.org,84.78,txn_102901,2026-06-03
12903,victor113@test.org,77.64,txn_102902,2026-01-20
12904,mallory498@test.org,34.05,txn_102903,2026-07-10
12905,pia792@mail.com,27.67,txn_102904,2026-02-27
12906,victor866@inbox.io,58.54,txn_102905,2026-06-29
12907,heidi169@example.com,60.53,txn_102906,2026-06-04
12908,kai449@example.com,64.58,txn_102907,2026-04-21
12909,bob920@inbox.io,52.61,txn_102908,2026-01-28
12910,aria35@test.org,46.8,txn_102909,2026-04-19
12911,eve90@example.com,76.15,txn_102910,2026-04-02
12912,eli520@test.org,471.98,txn_102911,2026-02-05
12913,heidi166@example.com,19.01,txn_102912,2026-02-20
12914,casey383@inbox.io,40.84,txn_102913,2026-06-18
12915,laura424@inbox.io,7.98,txn_102914,2026-02-21
12916,judy137@shop.net,126.89,txn_102915,2026-04-06
12917,david808@inbox.io,44.34,txn_102916,2026-03-10
12918,luna10@inbox.io,65.86,txn_102917,2026-03-23
12919,peggy821@test.org,54.8,txn_102918,2026-05-03
12920,eli102@mail.com,46.48,txn_102919,2026-06-10
12921,iris150@example.com,69.34,txn_102920,2026-02-07
12922,wren490@example.com,79.05,txn_102921,2026-05-25
12923,kevin642@mail.com,180.77,txn_102922,2026-04-03
12924,oscar417@shop.net,37.39,txn_102923,2026-03-24
12925,zoe29@test.org,59.49,txn_102924,2026-04-06
12926,zach621@test.org,106.97,txn_102925,2026-02-02
12927,eli973@inbox.io,186.65,txn_102926,2026-06-15
12928,wren248@mail.com,26.57,txn_102927,2026-07-17
12929,eve615@test.org,9.98,txn_102928,2026-01-22
12930,tara792@mail.com,32.71,txn_102929,2026-04-11
12931,romeo666@test.org,190.05,txn_102930,2026-03-19
12932,iris335@inbox.io,456.61,txn_102931,2026-05-01
12933,gabe396@test.org,180.74,txn_102932,2026-05-31
12934,sam946@inbox.io,0,txn_102933,2026-05-27
12935,ivan346@test.org,41.73,txn_102934,2026-03-29
12936,iris632@inbox.io,23.87,txn_102935,2026-03-10
12937,romeo609@shop.net,28.48,txn_102936,2026-03-24
12938,peggy196@inbox.io,27.98,txn_102937,2026-03-27
12939,harper286@test.org,36.79,txn_102938,2026-06-18
12940,mallory912@inbox.io,176.27,txn_102939,2026-06-26
12941,sybil704@mail.com,58.45,txn_102940,2026-05-22
12942,uma818@mail.com,44.01,txn_102941,2026-01-31
12943,uri654@shop.net,49.86,txn_102942,2026-06-12
12944,victor909@mail.com,1.22,txn_102943,2026-03-04
12945,zach735@test.org,47.61,txn_102944,2026-05-18
12946,victor261@mail.com,23.94,txn_102945,2026-04-07
12947,jude4@test.org,65.9,txn_102946,2026-03-07
12948,fiona958@test.org,1375.38,txn_102947,2026-03-12
12949,gabe431@inbox.io,8.82,txn_102948,2026-04-20
12950,owen610@test.org,37.79,txn_102949,2026-03-22
12951,heidi186@mail.com,62.01,txn_102950,2026-01-14
12952,charlie285@example.com,45.14,txn_102951,2026-02-02
12953,grace210@test.org,54.52,txn_102952,2026-01-16
12954,alice346@example.com,1579.36,txn_102953,2026-03-14
12955,blake237@mail.com,50.27,txn_102954,2026-03-28
12956,romeo363@inbox.io,98.2,txn_102955,2026-05-22
12957,luna781@shop.net,65.43,txn_102956,2026-04-09
12958,nina632@inbox.io,17.03,txn_102957,2026-05-27
12959,val998@inbox.io,41.47,txn_102958,2026-01-25
12960,peggy227@test.org,50.72,txn_102959,2026-02-14
12961,oscar110@shop.net,55.34,txn_102960,2026-04-22
12962,luna870@inbox.io,21.0,txn_102961,2026-01-26
12963,frank730@test.org,16.28,txn_102962,2026-03-07
12964,nora24@test.org,25.38,txn_102963,2026-06-22
12965,fiona809@test.org,121.07,txn_102964,2026-01-06
12966,fiona631@inbox.io,38.16,txn_102965,2026-02-22
12967,xander721@mail.com,67.77,txn_102966,2026-06-24
12968,yasmin807@mail.com,21.34,txn_102967,2026-04-01
12969,zach255@shop.net,187.81,txn_102968,2026-04-08
12970,miles984@test.org,75.14,txn_102969,2026-03-04
12971,pia464@example.com,82.63,txn_102970,2026-05-27
12972,wendy391@shop.net,37.72,txn_102971,2026-04-25
12973,blake448@example.com,22.14,txn_102972,2026-04-04
12974,quentin162@test.org,69.02,txn_102973,2026-06-15
12975,harper544@inbox.io,181.51,txn_102974,2026-04-08
12976,xander779@example.com,58.03,txn_102975,2026-02-10
12977,frank713@inbox.io,23.78,txn_102976,2026-05-15
12978,quentin153@test.org,69.39,txn_102977,2026-03-13
12979,laura420@mail.com,44.04,txn_102978,2026-03-01
12980,frank54@inbox.io,63.73,txn_102979,2026-07-09
12981,laura562@shop.net,36.74,txn_102980,2026-02-12
12982,peggy828@example.com,380.79,txn_102981,2026-01-20
12983,eve276@example.com,101.45,txn_102982,2026-02-01
12984,zoe567@test.org,166.79,txn_102983,2026-02-09
12985,iris252@mail.com,119.06,txn_102984,2026-02-13
12986,zoe526@shop.net,140.11,txn_102985,2026-01-15
12987,zach172@mail.com,16.69,txn_102986,2026-02-03
12988,peggy855@inbox.io,63.74,txn_102987,2026-04-29
12989,peggy180@test.org,165.61,txn_102988,2026-02-11
12990,owen773@inbox.io,78.71,txn_102989,04/02/2026
12991,alice472@shop.net,41.75,txn_102990,2026-07-13
12992,zach555@inbox.io,186.66,txn_102991,2026-04-30
12993,pia363@inbox.io,149.3,txn_102992,2026-07-11
12994,zach537@shop.net,250.07,txn_102993,2026-05-08
12995,ivan212@example.com,79.6,txn_102994,2026-03-18
12996,heidi926@inbox.io,33.2,txn_102995,2026-04-06
12997,bob499@shop.net,6.2,txn_102996,2026-04-22
12998,zoe461@mail.com,174.86,txn_102997,2026-07-11
12999,ivan406@shop.net,6.23,txn_102998,2026-02-28
13000,casey499@shop.net,1.6,txn_102999,2026-04-06
13001,nina134@test.org,8.85,txn_103000,2026-02-07
13002,owen303@example.com,31.29,txn_103001,2026-04-09
13003,pia80@test.org,0,txn_103002,2026-05-12
13004,jude42@test.org,460.59,txn_103003,2026-05-03
13005,eve340@shop.net,74.15,txn_103004,2026-02-12
13006,alice150@example.com,147.39,txn_103005,2026-01-16
13007,bob224@inbox.io,32.84,txn_103006,2026-04-25
13008,zach818@shop.net,31.02,txn_103007,2026-03-25
13009,sybil53@shop.net,150.27,txn_103008,2026-04-23
13010,wren444@test.org,84.34,txn_103009,2026-07-19
13011,jude519@inbox.io,77.61,txn_103010,07/04/2026
13012,victor750@test.org,112.05,txn_103011,2026-02-06
13013,wren96@mail.com,25.68,txn_103012,2026-02-26
13014,charlie311@example.com,14.97,txn_103013,2026-04-18
13015,kai428@mail.com,185.98,txn_103014,2026-04-20
13016,jude262@inbox.io,815.92,txn_103015,2026-01-17
13017,kevin272@example.com,174.44,txn_103016,2026-02-26
13018,drew948@mail.com,13.57,txn_103017,2026-06-21
13019,drew632@shop.net,124.65,txn_103018,2026-05-01
13020,quentin572@inbox.io,72.6,txn_103019,2026-07-09
13021,victor540@shop.net,56.15,txn_103020,2026-07-03
13022,luna699@inbox.io,49.54,txn_103021,2026-03-04
13023,oscar445@example.com,29.61,txn_103022,2026-05-11
13024,trent997@test.org,128.57,txn_103023,2026-06-01
13025,trent110@shop.net,146.6,txn_103024,2026-07-20
13026,oscar476@mail.com,477.82,txn_103025,2026-06-28
13027,iris372@inbox.io,34.99,txn_103026,2026-05-26
13028,victor84@shop.net,51.73,txn_103027,2026-06-19
13029,eve949@@shop.net,132.27,txn_103028,2026-04-21
13030,judy485@test.org,1000.68,txn_103029,2026-04-05
13031,heidi242@shop.net,79.83,txn_103030,2026-04-12
13032,luna416@mail.com,22.63,txn_103031,2026-03-04
13033,nora345@mail.com,29.54,txn_103032,2026-04-07
13034,frank85@example.com,60.31,txn_103033,2026-02-08
13035,iris505@test.org,192.12,txn_103034,2026-06-28
13036,pia53@mail.com,18.32,txn_103035,2026-02-04
13037,sybil696@shop.net,67.01,txn_103036,2026-04-02
13038,quinn90@inbox.io,71.97,txn_103037,2026-03-26
13039,grace597@example.com,7.96,txn_103038,2026-01-01
13040,mallory919@mail.com,79.51,txn_103039,2026-01-28
13041,romeo299@inbox.io,44.46,txn_103040,2026-06-06
13042,sybil67@mail.com,68.93,txn_103041,2026-02-10
13043,pia99@inbox.io,21.78,txn_103042,2026-03-14
13044,charlie873@test.org,17.21,txn_103043,2026-05-02
13045,casey975@shop.net,27.02,txn_103044,2026-06-30
13046,zach827@test.org,438.28,txn_103045,2026-03-21
13047,quinn216@shop.net,16.15,txn_103046,2026-02-09
13048,charlie61@example.com,13.83,txn_104155,31/02/2026
13049,casey153@mail.com,113.9,txn_103048,2026-03-27
13050,sam594@shop.net,41.12,txn_103049,2026-04-15
13051,heidi747@inbox.io,75.31,txn_103050,2026-02-23
13052,eli373@example.com,19.36,txn_103985,2026-01-17
13053,david862@example.com,110.26,txn_103052,2026-02-17
13054,fiona675@test.org,435.12,txn_103053,2026-03-24
13055,casey836@mail.com,77.5,txn_103054,2026-04-19
13056,quinn982@shop.net,369.97,txn_103055,2026-06-29
13057,laura891@example.com,194.51,txn_103056,2026-04-17
13058,frank897@test.org,722.25,txn_103057,2026-02-05
13059,peggy619@inbox.io,25.84,txn_103058,2026-02-21
13060,uri428@mail.com,5.69,txn_103059,2026-04-03
13061,tara820@shop.net,30.29,txn_103060,2026-01-27
13062,eli207@inbox.io,29.94,txn_103061,2026-06-18
13063,val281@inbox.io,71.72,txn_103062,2026-06-01
13064,nora202@inbox.io,76.24,txn_103063,2026-01-11
13065,drew561@inbox.io,79.76,txn_103064,2026-04-27
13066,charlie341@shop.net,49.2,txn_103065,2026-01-17
13067,eli952@test.org,71.33,txn_103066,2026-05-27
13068,oscar855@shop.net,38.7,txn_103067,2026-03-18
13069,pia837@example.com,72.83,txn_103068,2026-03-07
13070,zach5@shop.net,8.04,txn_103069,2026-04-26
13071,peggy3@test.org,76.9,txn_103070,2026-03-12
13072,iris963@inbox.io,42.63,txn_103071,2026-07-07
13073,zoe788@shop.net,8.84,txn_103072,2026-01-03
13074,nina678@inbox.io,63.48,txn_103073,2026-03-02
13075,yasmin744@inbox.io,45.88,txn_103074,2026-02-21
13076,alice82@test.org,,txn_103075,2026-05-03
13077,bob133@example.com,419.3,txn_103076,2026-02-13
13078,quinn688@shop.net,17.14,txn_103077,2026-04-20
13079,nina371@mail.com,74.88,txn_103078,2026-03-21
13080,iris655@inbox.io,78.71,txn_103079,2026-02-01
13081,alice68@mail.com,175.33,txn_103080,2026-03-11
13082,laura784@example.com,14.11,txn_103081,2026-07-16
13083,zoe477@inbox.io,41.09,txn_103082,2026-06-07
13084,romeo365@example.com,122.39,txn_100576,2026-04-10
13085,mallory968@inbox.io,6.37,txn_103084,2026-06-08
13086,zoe65@example.com,30.66,txn_103085,2026-05-14
13087,sam199@inbox.io,74.35,txn_103086,2026-06-11
13088,wendy349@example.com,175.12,txn_103087,2026-04-21
13089,grace795@inbox.io,105.48,txn_103088,2026-02-18
13090,nora793@test.org,57.3,txn_103089,2026-07-10
13091,oscar571@test.org,126.47,txn_103090,2026-06-14
13092,xander922@mail.com,38.97,txn_103091,2026-01-01
13093,kai18@shop.net,1900.88,txn_103092,2026-06-16
13094,victor768@test.org,196.35,txn_103093,2026-04-29
13095,frank864@mail.com,44.04,txn_103094,2026-07-16
13096,heidi140@inbox.io,46.52,txn_103095,2026-05-22
13097,uri123@shop.net,7.44,txn_103096,2026-06-13
13098,uma320@mail.com,36.92,txn_103097,2026-01-10
13099,grace962@example.com,77.31,txn_103098,2026-02-05
13100,sam836@shop.net,16.48,txn_103099,2026-03-29
13101,aria999@example.com,10.63,txn_103100,2026-03-20
13102,val417@shop.net,78.59,txn_103101,2026-03-25
13103,laura891@example.com,44.37,txn_103102,2026-06-03
13104,grace117@shop.net,24.81,txn_103103,2026-03-27
13105,uma188@example.com,48.67,txn_103104,2026-01-21
13106,oscar284@example.com,62.05,txn_103105,2026-07-13
13107,iris832@example.com,192.23,txn_103106,2026-06-26
13108,iris929@shop.net,27.32,txn_103107,2026-04-14
13109,wren320@example.com,326.05,txn_103108,2026-06-18
13110,victor759@shop.net,10.16,txn_103109,2026-05-31
13111,alice913@example.com,40.19,txn_103110,2026-04-03
13112,zach110@inbox.io,49.31,txn_103111,2026-05-24
13113,peggy343@example.com,53.64,txn_103112,2026-05-26
13114,sam646@example.com,136.44,txn_103113,2026-07-06
13115,tara174@mail.com,178.66,txn_103114,2026-06-24
13116,gabe418@mail.com,44.22,txn_103115,2026-03-11
13117,kai505@mail.com,9.45,txn_103116,2026-02-24
13118,nora198@test.org,115.12,txn_103117,2026-02-04
13119,zach422@inbox.io,286.3,txn_103118,2026-03-05
13120,nora724@example.com,53.63,txn_103119,2026-05-08
13121,alice416@example.com,61.01,txn_103120,2026-06-26
13122,ivan189@inbox.io,149.62,txn_103121,2026-06-21
13123,peggy729@mail.com,79.86,txn_103122,2026-07-10
13124,charlie701@example.com,77.39,txn_103123,2026-03-12
13125,heidi3@inbox.io,58.79,txn_103124,2026-06-28
13126,alice110@test.org,38.53,txn_103125,2026-02-07
13127,uri890@example.com,78.29,txn_103126,2026-04-07
13128,quinn697@inbox.io,54.73,txn_103127,2026-06-12
13129,judy399@mail.com,70.25,txn_103128,2026-06-19
13130,peggy501@test.org,331.24,txn_103129,2026-03-06
13131,alice475@test.org,63.6,txn_103130,2026-01-16
13132,val537@test.org,36.01,txn_103131,2026-03-15
13133,judy287@shop.net,62.68,txn_103132,2026-05-02
13134,wren67@inbox.io,31.09,txn_103133,2026-06-14
13135,oscar206@test.org,25.67,txn_103134,2026-05-03
13136,yasmin165@shop.net,37.86,txn_103135,2026-02-04
13137,bob661@mail.com,21.42,txn_103136,2026-05-22
13138,gabe113@mail.com,32.81,txn_103137,2026-03-07
13139,sam279@example.com,141.98,txn_103138,2026-03-21
13140,val21@test.org,76.79,txn_103139,2026-01-28
13141,peggy259@shop.net,170.93,txn_103140,2026-06-21
13142,jude589@inbox.io,143.59,txn_103141,2026-02-16
13143,owen542@test.org,76.9,txn_103142,2026-03-25
13144,zoe430@inbox.io,5.11,txn_103143,2026-02-19
13145,laura751@example.com,62.31,txn_103144,2026-03-06
13146,sam601@shop.net,35.15,txn_103145,2026-06-04
13147,kai366@inbox.io,40.39,txn_103146,2026-02-20
13148,peggy47@shop.net,122.83,txn_103147,2026-07-14
13149,peggy342@inbox.io,37.31,txn_103148,2026-05-24
13150,bob106@example.com,15.27,txn_103149,2026-04-16
13151,charlie479@mail.com,79.7,txn_103150,2026-01-19
13152,grace452@inbox.io,106.49,txn_103151,2026-02-24
13153,nina100@shop.net,5.88,txn_103152,2026-05-31
13154,aria288@example.com,71.74,txn_103153,2026-02-23
13155,frank946@shop.net,13.91,txn_103154,2026-03-06
13156,miles765@inbox.io,62.07,txn_103155,2026-01-12
13157,eli555@shop.net,61.8,txn_103156,2026-07-06
13158,alice837@test.org,1693.58,txn_103157,2026-03-26
13159,grace516@example.com,74.36,txn_103158,2026-03-13
13160,alice714@test.org,31.77,txn_103159,2026-04-26
13161,jude28@mail.com,197.68,txn_103160,2026-05-27
13162,bob198@shop.net,16.77,txn_103161,2026-07-08
13163,charlie201@mail.com,103.72,txn_103162,2026-03-17
13164,drew678@example.com,51.4,txn_103163,2026-01-09
13165,heidi376@mail.com,71.01,txn_103164,2026-03-18
13166,ray158@test.org,67.52,txn_103165,2026-02-10
13167,eli8@test.org,7.63,txn_103166,2026-02-14
13168,ray112@test.org,16.82,txn_103167,2026-01-19
13169,judy112@test.org,57.48,txn_103168,2026-02-12
13170,romeo731@inbox.io,55.79,txn_103169,2026-06-01
13171,luna908@shop.net,67.16,txn_103170,2026-06-02
13172,iris221@inbox.io,327.47,txn_103171,2026-06-06
13173,casey324@shop.net,21.06,txn_103172,2026-07-07
13174,zoe201@example.com,33.16,txn_103173,2026-05-18
13175,drew896@example.com,64.75,txn_103174,2026-02-02
13176,david755@mail.com,193.95,txn_103175,2026-01-29
13177,jude405@test.org,374.2,txn_103176,2026-07-08
13178,ivan531@example.com,70.68,txn_103177,2026-02-02
13179,peggy521@example.com,145.24,txn_103178,2026-01-19
13180,peggy566@inbox.io,44.38,txn_103179,2026-01-24
13181,quentin341@shop.net,67.11,txn_103180,2026-01-12
13182,blake871@test.org,96.77,txn_103181,2026-02-26
13183,sam531@example.com,38.18,txn_103182,2026-04-19
13184,uri83@inbox.io,118.62,txn_103183,2026-02-12
13185,ray868@shop.net,7.48,txn_103184,2026-01-03
13186,zoe794@example.com,6.82,txn_103185,2026-07-05
13187,bob331@example.com,60.66,txn_103186,2026-06-13
13188,luna85@example.com,41.06,txn_103187,2026-01-26
13189,casey664@inbox.io,64.06,txn_103188,2026-07-11
13190,miles737@example.com,31.5,txn_103189,2026-04-08
13191,ray814@example.com,393.68,txn_103190,2026-07-12
13192,sybil164@shop.net,65.96,txn_103191,2026-06-03
13193,quinn553@inbox.io,41.84,txn_103192,2026-07-16
13194,eve180@mail.com,114.68,txn_103193,2026-06-09
13195,charlie389@shop.net,43.04,txn_103194,2026-04-30
13196,bob614@example.com,54.65,txn_103195,2026-03-04
13197,yasmin652@shop.net,32.11,txn_103196,2026-05-13
13198,romeo154@inbox.io,47.23,txn_103197,2026-03-02
13199,aria817@mail.com,22.09,txn_103198,2026-03-24
13200,xander375@example.com,17.77,txn_103199,2026-05-28
13201,yasmin566@example.com,155.0,txn_103200,2026-01-14
13202,aria247@mail.com,69.2,txn_103201,2026-05-23
13203,drew364@inbox.io,82.04,txn_103202,2026-06-09
13204,zoe190@inbox.io,9.55,txn_103203,2026-01-13
13205,heidi259@test.org,94.91,txn_103204,2026-05-23
13206,harper268@example.com,24.4,txn_103205,2026-06-14
13207,laura972@inbox.io,71.03,txn_103206,2026-03-05
13208,harper388@mail.com,102.52,txn_103207,2026-06-15
13209,eve275@test.org,55.47,txn_103208,2026-02-06
13210,sam634@test.org,59.45,txn_103209,2026-05-14
13211,kai418@shop.net,6.55,txn_103210,2026-04-18
13212,wren378@mail.com,181.4,txn_103211,2026-04-21
13213,nina318@example.com,275.55,txn_103212,2026-04-29
13214,charlie299@test.org,389.49,txn_103213,2026-02-10
13215,wendy776@shop.net,70.51,txn_103214,2026-02-17
13216,zach739@mail.com,30.49,txn_103215,2026-06-24
13217,laura197@shop.net,473.43,txn_103216,2026-01-06
13218,quinn482@example.com,35.84,txn_103217,2026-03-13
13219,sybil590@inbox.io,359.11,txn_103218,2026-01-06
13220,zoe749@mail.com,23.11,txn_103219,2026-06-28
13221,gabe183@inbox.io,113.05,txn_103220,2026-07-05
13222,ivan625@test.org,87.38,txn_103221,2026-06-26
13223,victor297@example.com,9.31,txn_103222,2026-03-16
13224,peggy939@mail.com,77.73,txn_103223,2026-04-01
13225,mallory264@inbox.io,71.26,txn_103224,2026-02-01
13226,zach827@mail.com,12.66,txn_103225,2026-01-25
13227,tara466@inbox.io,59.09,txn_103226,2026-02-01
13228,iris622@example.com,861.64,txn_103227,2026-01-24
13229,owen505@mail.com,35.37,txn_103228,2026-03-24
13230,oscar904@example.com,7.61,txn_103229,2026-01-20
13231,frank780@inbox.io,61.88,txn_103230,2026-03-25
13232,yasmin473@example.com,457.51,txn_103231,2026-07-19
13233,jude914@inbox.io,73.36,txn_103232,2026-02-23
13234,bob601@example.com,63.4,txn_103233,2026-01-29
13235,jude858@mail.com,74.32,txn_103234,2026-03-04
13236,sam342@test.org,57.71,txn_103235,2026-03-09
13237,uri843@shop.net,679.55,txn_103236,2026-07-05
13238,aria904@example.com,21.03,txn_103237,2026-04-05
13239,nora138@shop.net,89.15,txn_103238,2026-06-04
13240,eve892@example.com,62.89,txn_103239,2026-03-15
13241,grace300@inbox.io,34.78,txn_103240,2026-05-03
13242,victor601@example.com,79.77,txn_103241,2026-02-19
13243,kevin965@mail.com,50.15,txn_103242,2026-02-07
13244,eve463@mail.com,30.33,txn_103243,2026-01-20
13245,frank957@shop.net,60.95,txn_103244,2026-07-07
13246,sybil533@mail.com,75.55,txn_103245,2026-01-11
13247,xander797@example.com,108.52,txn_103246,2026-04-12
13248,blake990@test.org,85.56,txn_103247,2026-06-27
13249,grace765@example.com,63.52,txn_103248,2026-01-05
13250,charlie896@mail.com,1280.38,txn_103249,2026-02-22
13251,xander408@test.org,90.61,txn_103250,2026-07-15
13252,bob158@test.org,10.45,txn_103251,2026-07-10
13253,nina976@example.com,21.4,txn_103252,2026-03-29
13254,wendy838@example.com,46.27,txn_103253,2026-04-22
13255,,41.4,txn_103254,2026-07-15
13256,jude637@mail.com,44.34,txn_103255,2026-03-09
13257,sybil119@example.com,72.23,txn_103256,2026-01-02
13258,harper799@test.org,27.38,txn_103257,2026-05-03
13259,quinn755@inbox.io,96.38,txn_103258,2026-01-12
13260,nina661@mail.com,59.29,txn_103259,2026-01-14
13261,grace463@shop.net,6.35,txn_103260,2026-01-13
13262,gabe579@shop.net,9.86,txn_103261,2026-03-16
13263,sybil187@inbox.io,414.4,txn_103262,2026-04-26
13264,quentin827@inbox.io,61.72,txn_103263,2026-06-30
13265,kai966@inbox.io,62.5,txn_103264,2026-05-27
13266,yasmin851@shop.net,50.35,txn_103265,2026-06-03
13267,val92@test.org,115.47,txn_103266,2026-05-18
13268,xander394@inbox.io,47.66,txn_103267,2026-02-07
13269,victor106@inbox.io,62.92,txn_103268,2026-03-21
13270,kai812@inbox.io,791.68,txn_103269,2026-02-14
13271,mallory190@example.com,176.85,txn_103270,2026-02-27
13272,sybil795@mail.com,321.26,txn_103271,2026-05-24
13273,david638@test.org,79.25,txn_103272,2026-05-02
13274,judy656@test.org,62.28,txn_103273,2026-01-08
13275,pia179@test.org,117.14,txn_103274,2026-07-05
13276,oscar622@inbox.io,55.26,txn_103275,2026-06-04
13277,xander921@mail.com,241.56,txn_103276,2026-05-24
13278,wren857@example.com,114.16,txn_103277,2026-01-01
13279,wendy909@test.org,78.62,txn_103278,2026-06-27
13280,kai445@inbox.io,46.19,txn_103279,2026-07-20
13281,judy605@test.org,145.34,txn_103280,2026-02-07
13282,blake96@shop.net,125.89,txn_103281,2026-04-07
13283,wendy646@test.org,67.19,txn_103282,2026-01-04
13284,jude829@test.org,55.4,txn_103283,2026-06-25
13285,judy827@mail.com,47.86,txn_103284,2026-07-12
13286,heidi864@shop.net,25.03,txn_103285,2026-05-19
13287,judy602@mail.com,117.29,txn_103286,2026-05-11
13288,romeo876@example.com,76.94,txn_103287,2026-05-03
13289,wren2@mail.com,68.92,txn_103288,2026-04-22
13290,miles930@test.org,87.51,txn_103289,2026-01-15
13291,heidi516@test.org,11.09,txn_103290,2026-02-19
13292,nora844@shop.net,456.33,txn_103291,2026-01-13
13293,eve541@test.org,53.62,txn_103292,2026-01-21
13294,sybil75@inbox.io,118.57,txn_103293,2026-04-27
13295,aria884@mail.com,19.69,txn_103294,2026-05-30
13296,casey643@test.org,59.75,txn_103295,2026-02-26
13297,owen277@shop.net,42.15,txn_103296,2026-04-24
13298,miles401@shop.net,58.57,txn_103297,2026-04-25
13299,ivan782@test.org,160.57,txn_103298,2026-06-02
13300,ivan20@shop.net,11.91,txn_103299,2026-05-06
13301,uri945@test.org,8.58,txn_103300,2026-02-11
13302,kai69@inbox.io,111.63,txn_103301,2026-04-12
13303,harper270@inbox.io,19.65,txn_103302,2026-02-21
13304,drew92@mail.com,486.26,txn_103303,2026-03-22
13305,wendy208@mail.com,77.08,txn_103304,2026-01-28
13306,drew950@inbox.io,5.8,txn_103305,2026-02-12
13307,ray81@example.com,5.03,txn_103306,2026-01-29
13308,oscar244@test.org,197.55,txn_103307,2026-03-23
13309,ivan508+work@test.org,78.23,txn_103308,2026-04-07
13310,heidi224@mail.com,71.86,txn_103309,2026-05-20
13311,sybil271@shop.net,59.45,txn_103310,2026-02-13
13312,luna49@shop.net,34.67,txn_103311,2026-05-11
13313,charlie442@example.com,79.62,txn_103312,2026-03-02
13314,casey699@mail.com,12.62,txn_103313,2026-05-01
13315,iris950@example.com,39.74,txn_103314,2026-05-08
13316,quinn175@inbox.io,222.55,txn_103315,2026-02-11
13317,owen900@example.com,66.55,txn_103316,2026-05-18
13318,laura644@example.com,43.96,txn_103317,2026-04-18
13319,kevin560@inbox.io,67.23,txn_103318,2026-07-20
13320,uri449@inbox.io,36.95,txn_103319,2026-03-01
13321,iris898@mail.com,43.65,txn_103320,2026-05-20
13322,ray419@shop.net,22.17,txn_103321,2026-07-12
13323,casey505@example.com,150.63,txn_103322,2026-07-04
13324,owen413@test.org,79.59,txn_103323,2026-04-27
13325,eli413@example.com,139.58,txn_103324,2026-04-14
13326,harper881@mail.com,123.81,txn_103325,01/01/2026
13327,yasmin148@inbox.io,68.05,txn_103326,2026-02-16
13328,oscar336@shop.net,11.46,txn_103327,2026-04-11
13329,ray16@shop.net,144.69,txn_103328,2026-04-25
13330,grace415@shop.net,59.94,txn_103329,2026-05-14
13331,pia75@mail.com,708.12,txn_103330,2026-05-26
13332,zach774@test.org,7.96,txn_103331,2026-06-01
13333,iris241@shop.net,50.67,txn_103332,2026-03-15
13334,iris976@example.com,71.91,txn_103333,2026-01-10
13335,victor975@example.com,59.72,txn_103334,2026-06-19
13336,iris999@test.org,166.01,txn_103335,2026-03-06
13337,gabe664@shop.net,71.19,txn_103336,2026-03-28
13338,val525@inbox.io,9.95,txn_103337,2026-01-22
13339,sybil463@shop.net,43.07,txn_103338,2026-07-12
13340,charlie94@test.org,18.43,txn_103339,2026-05-20
13341,zach400@test.org,45.45,txn_103340,2026-06-18
13342,laura957@example.com,25.62,txn_103341,2026-07-19
13343,eve66@inbox.io,159.64,txn_103342,2026-04-29
13344,fiona545@inbox.io,45.65,txn_103343,2026-06-09
13345,kai518@test.org,68.41,txn_103344,2026-02-03
13346,uma591@inbox.io,79.56,txn_103345,2026-01-10
13347,pia326@inbox.io,5.05,txn_103346,2026-06-14
13348,laura378@mail.com,25.2,txn_103347,2026-01-08
13349,quinn774@shop.net,1071.41,txn_103348,2026-06-08
13350,victor583@test.org,55.48,txn_103349,2026-02-12
13351,romeo181@inbox.io,121.12,txn_103350,2026-04-06
13352,romeo187@shop.net,317.95,txn_103351,2026-06-01
13353,zach144@mail.com,,txn_103352,2026-03-17
13354,laura650@mail.com,405.06,txn_103353,2026-07-09
13355,kai809@shop.net,69.98,txn_103354,2026-02-19
13356,iris957@inbox.io,35.37,txn_103355,2026-03-08
13357,frank192@shop.net,30.34,txn_103356,2026-05-04
13358,laura399@shop.net,48.16,txn_103357,2026-04-14
13359,luna890@mail.com,30.75,txn_103358,2026-06-05
13360,ray105@shop.net,79.36,txn_103359,2026-05-10
13361,grace728@inbox.io,32.44,txn_103360,2026-06-15
13362,fiona270@inbox.io,484.87,txn_103361,2026-05-24
13363,uma625@example.com,41.58,txn_103362,2026-06-24
13364,sybil230@shop.net,28.0,txn_103363,2026-06-09
13365,heidi845@inbox.io,74.47,txn_103364,2026-01-29
13366,eli496@inbox.io,19.94,txn_103365,2026-06-30
13367,victor242@inbox.io,7.83,txn_103366,2026-04-04
13368,nina315@test.org,27.02,txn_103367,2026-01-28
13369,uma208@shop.net,59.67,txn_103368,2026-04-04
13370,nora838@mail.com,59.59,txn_103369,2026-05-15
13371,grace818@mail.com,68.87,txn_103370,2026-01-12
13372,bob273@inbox.io,244.91,txn_103371,2026-06-14
13373,grace974@shop.net,90.46,txn_103372,2026-07-18
13374,wendy468@mail.com,44.69,txn_103373,2026-02-01
13375,sam537@inbox.io,9.51,txn_103374,2026-07-07
13376,ivan7@test.org,14.73,txn_103375,2026-05-12
13377,harper878@inbox.io,128.26,txn_103376,2026-02-05
13378,victor829@inbox.io,432.76,txn_103377,2026-04-17
13379,david885@shop.net,140.77,txn_103378,2026-07-13
13380,casey453@inbox.io,69.69,txn_103379,2026-02-05
13381,fiona523@shop.net,60.56,txn_103380,2026-06-21
13382,romeo648@inbox.io,49.12,txn_103381,2026-04-04
13383,uma295@inbox.io,14.67,txn_103382,2026-06-07
13384,heidi832@example.com,78.9,txn_103383,2026-01-07
13385,ivan904@example.com,16.7,txn_103384,2026-03-20
13386,xander601@mail.com,22.41,txn_103385,2026-03-02
13387,ivan819@example.com,28.8,txn_103386,2026-02-23
13388,alice349@shop.net,44.13,txn_103387,2026-06-12
13389,owen569@test.org,161.84,txn_103388,2026-03-14
13390,trent872@shop.net,51.27,txn_103389,2026-04-09
13391,luna734@inbox.io,42.47,txn_103390,2026-06-26
13392,oscar460@test.org,174.66,txn_103391,2026-07-04
13393,sybil154@test.org,95.57,txn_103392,2026-05-12
13394,val942@mail.com,20.69,txn_103393,2026-01-18
13395,harper825@mail.com,164.91,txn_103394,2026-01-28
13396,val195@mail.com,95.16,txn_103395,2026-06-05
13397,judy642@example.com,11.95,txn_103396,2026-04-07
13398,val907@example.com,23.36,txn_103397,2026-03-09
13399,fiona209@mail.com,135.58,txn_103398,2026-01-07
13400,iris786@mail.com,43.9,txn_103399,2026-01-23
13401,quinn182@test.org,187.98,txn_103400,2026-05-03
13402,drew267@shop.net,123.58,txn_103401,2026-06-10
13403,romeo139@test.org,69.71,txn_103402,2026-01-09
13404,uma634@mail.com,66.25,txn_103403,2026-06-21
13405,val392@test.org,146.46,txn_103404,2026-07-06
13406,grace55@test.org,18.62,txn_103405,2026-04-23
13407,heidi180@test.org,56.56,txn_103406,2026-02-20
13408,casey949@mail.com,48.69,txn_103407,2026-02-17
13409,bob187@shop.net,48.25,txn_103408,2026-05-26
13410,nora759@mail.com,17.84,txn_103409,2026-01-26
13411,uri819@test.org,69.04,txn_103410,2026-01-20
13412,owen242@shop.net,15.79,txn_103411,2026-02-12
13413,uma720@shop.net,436.81,txn_103412,2026-05-19
13414,nina570@shop.net,280.03,txn_103413,2026-02-01
13415,fiona755@test.org,139.17,txn_103414,2026-02-11
13416,zach254@shop.net,371.31,txn_103415,2026-03-08
13417,quentin831@inbox.io,349.44,txn_103416,2026-07-03
13418,uri185@example.com,152.43,txn_103417,2026-05-30
13419,casey192@example.com,38.01,txn_103418,2026-02-11
13420,david253@shop.net,49.69,txn_103419,2026-07-14
13421,harper737@test.org,41.77,txn_103420,2026-03-25
13422,ivan975@inbox.io,73.62,txn_103421,2026-03-04
13423,ivan29@mail.com,170.33,txn_103422,2026-01-26
13424,ivan407@shop.net,167.13,txn_103423,2026-01-14
13425,jude178@mail.com,8.33,txn_103424,2026-07-14
13426,jude622@test.org,162.32,txn_103425,2026-04-30
13427,harper519@inbox.io,132.6,txn_103426,2026-06-25
13428,nina684@shop.net,18.85,txn_103427,2026-06-13
13429,iris947@test.org,67.84,txn_103428,2026-07-12
13430,zoe207@example.com,78.35,txn_103429,2026-03-02
13431,yasmin835@example.com,64.57,txn_103430,2026-03-24
13432,heidi69@test.org,70.39,txn_103431,2026-02-23
13433,uri921@inbox.io,228.07,txn_103432,2026-07-19
13434,judy172@inbox.io,167.57,txn_103433,2026-05-31
13435,val680@shop.net,27.71,txn_103434,2026-05-03
13436,romeo198@inbox.io,66.74,txn_103435,2026-01-02
13437,kai482@test.org,56.51,txn_103436,2026-05-08
13438,frank991@inbox.io,34.84,txn_103437,2026-01-10
13439,judy119@mail.com,13.86,txn_103438,2026-06-25
13440,sam420@test.org,54.51,txn_103439,2026-01-14
13441,heidi790@inbox.io,90.71,txn_103440,2026-01-29
13442,yasmin108@test.org,18.55,txn_103441,2026-01-31
13443,nora458@example.com,30.72,txn_103442,2026-07-10
13444,harper955@test.org,74.41,txn_103443,2026-07-11
13445,uri38@mail.com,19.43,txn_103444,2026-04-08
13446,victor550@mail.com,18.41,txn_103445,2026-06-16
13447,quinn796@shop.net,16.22,txn_103446,2026-07-20
13448,sybil103@mail.com,6.7,txn_103447,2026-05-23
13449,ray641@test.org,74.14,txn_103448,2026-01-03
13450,kai138@shop.net,26.5,txn_103449,2026-02-02
13451,bob199@inbox.io,124.01,txn_103450,2026-03-31
13452,uri860@test.org,177.26,txn_103451,2026-07-08
13453,pia825@example.com,414.7,txn_103452,2026-05-26
13454,miles132@shop.net,150.02,txn_103453,2026-01-05
13455,zoe235@example.com,235.6,txn_103454,2026-03-12
13456,mallory958@test.org,29.5,txn_103455,2026-04-04
13457,yasmin781@shop.net,263.6,txn_103456,2026-01-07
13458,quentin910@example.com,98.74,txn_103457,2026-02-06
13459,eli433@example.com,51.07,txn_103458,2026-05-03
13460,oscar507@inbox.io,17.48,txn_103459,2026-06-08
13461,david737@test.org,90.24,txn_103460,2026-04-20
13462,luna423@example.com,14.49,txn_103461,2026-03-14
13463,harper351@example.com,76.47,txn_103462,2026-02-10
13464,ray228@example.com,183.97,txn_103463,2026-01-09
13465,peggy128@example.com,32.24,txn_103464,2026-04-14
13466,fiona937@inbox.io,134.18,txn_103465,2026-04-19
13467,trent67@inbox.io,49.26,txn_103466,2026-07-19
13468,wendy292@shop.net,17.94,txn_103467,2026-03-05
13469,quentin862@test.org,67.76,txn_103468,2026-03-06
13470,drew3@test.org,46.62,txn_103469,2026-07-16
13471,heidi126@inbox.io,7.0,txn_103470,2026-07-08
13472,aria236@inbox.io,34.9,txn_103471,2026-07-15
13473,frank166@test.org,8.2,txn_103472,2026-01-04
13474,harper832@example.com,123.95,txn_103473,2026-01-28
13475,judy32@inbox.io,-88.5,txn_103474,2026-03-29
13476,tara475@example.com,43.13,txn_103475,2026-04-15
13477,casey253@example.com,58.45,txn_103476,2026-03-27
13478,frank833@example.com,123.33,txn_103477,2026-05-16
13479,romeo308@test.org,35.05,txn_103478,2026-01-30
13480,tara26@mail.com,37.63,txn_103479,2026-03-31
13481,iris693@inbox.io,36.94,txn_103480,2026-04-20
13482,miles509@shop.net,14.04,txn_103481,2026-01-02
13483,victor688@mail.com,173.24,txn_103482,2026-06-05
13484,zach843@mail.com,192.65,txn_103483,2026-03-07
13485,blake448@test.org,89.47,txn_103484,2026-05-30
13486,eve247@inbox.io,163.94,txn_103485,2026-05-02
13487,bob59@example.com,1104.48,txn_103486,2026-04-19
13488,grace989@shop.net,49.2,txn_103487,2026-07-13
13489,eve52@example.com,41.42,txn_103488,2026-04-30
13490,heidi39@shop.net,54.13,txn_103489,2026-05-30
13491,peggy787@inbox.io,220.38,txn_103490,2026-07-03
13492,kai588@shop.net,23.7,txn_103491,2026-07-01
13493,eve804@shop.net,24.16,txn_103492,2026-06-05
13494,gabe828@example.com,53.49,txn_103493,2026-06-03
13495,fiona803@test.org,79.23,txn_103494,2026-06-13
13496,oscar204@example.com,37.93,txn_103495,2026-01-31
13497,aria618@test.org,26.95,txn_103496,2026-04-16
13498,yasmin153@example.com,26.5,txn_103497,2026-01-13
13499,fiona585@test.org,22.5,txn_103498,2026-02-14
13500,wren448@shop.net,60.27,txn_103499,2026-05-12
13501,quinn610@inbox.io,47.63,txn_103500,2026-01-30
13502,nora827@test.org,58.36,txn_103501,2026-03-09
13503,kevin869@test.org,1490.48,txn_103502,2026-01-07
13504,nina53@test.org,66.49,txn_103503,2026-05-19
13505,kevin92@example.com,68.08,txn_103504,2026-06-19
13506,quinn646@example.com,155.33,txn_103505,2026-01-25
13507,iris241@example.com,57.64,txn_103506,2026-06-07
13508,kai610@inbox.io,79.48,txn_103507,2026-05-30
13509,casey919@mail.com,78.2,txn_103508,2026-01-06
13510,uri516@inbox.io,77.34,txn_103509,2026-06-19
13511,gabe835@example.com,88.47,txn_103510,2026-05-20
13512,zach312@shop.net,17.05,txn_103511,2026-01-31
13513,casey535@shop.net,74.53,txn_103512,2026-05-27
13514,casey383@inbox.io,5.87,txn_103513,2026-02-14
13515,david266@example.com,36.41,txn_103514,2026-03-23
13516,eli849@example.com,181.05,txn_103515,2026-04-08
13517,kai307@example.com,11.86,txn_103516,2026-06-15
13518,quinn957@example.com,71.82,txn_103517,2026-06-22
13519,luna811@shop.net,55.28,txn_103518,2026-05-24
13520,gabe475@mail.com,127.05,txn_103519,2026-06-21
13521,eli274@example.com,31.6,txn_103520,2026-07-02
13522,heidi927@shop.net,174.81,txn_103521,2026-04-19
13523,heidi438@shop.net,72.47,txn_103522,2026-06-14
13524,peggy500@mail.com,72.03,txn_103523,2026-06-26
13525,jude230@inbox.io,33.3,txn_103524,2026-01-28
13526,zoe595@test.org,176.58,txn_103525,2026-06-21
13527,pia187@test.org,8.39,txn_103526,2026-06-04
13528,aria856@shop.net,33.78,txn_103527,2026-03-05
13529,uri959@shop.net,6.92,txn_103528,2026-04-26
13530,gabe156@shop.net,5.87,txn_103529,2026-05-24
13531,victor396@example.com,78.59,txn_103530,2026-04-02
13532,luna846@mail.com,25.64,txn_103531,2026-05-20
13533,ivan515@example.com,488.05,txn_103532,2026-07-19
13534,oscar548@shop.net,57.25,txn_103533,2026-02-28
13535,nora902@example.com,78.88,txn_103534,2026-04-12
13536,eli771@mail.com,50.15,txn_103535,2026-01-18
13537,blake639@example.com,90.7,txn_103536,2026-01-19
13538,nina601@example.com,199.31,txn_103537,2026-03-05
13539,wendy656@inbox.io,199.83,txn_103538,2026-02-22
13540,tara111@test.org,40.63,txn_103539,2026-04-15
13541,alice192@shop.net,565.69,txn_103540,2026-03-07
13542,uma524@inbox.io,29.93,txn_103541,2026-06-29
13543,bob369@mail.com,283.52,txn_103542,2026-03-19
13544,fiona269@mail.com,12.3,txn_103543,2026-03-23
13545,pia894@example.com,26.69,txn_103544,2026-01-08
13546,kai412@test.org,136.41,txn_103545,2026-07-09
13547,eli791@example.com,57.51,txn_103546,2026-06-02
13548,iris772@inbox.io,-84.16,txn_103547,2026-05-19
13549,uri888@example.com,67.5,txn_103548,2026-02-07
13550,grace82@shop.net,36.03,txn_103549,2026-01-27
13551,oscar638@shop.net,34.59,txn_103550,2026-04-07
13552,quentin433@inbox.io,45.38,txn_103551,2026-03-05
13553,sam406@inbox.io,46.22,txn_103552,2026-03-21
13554,gabe581@test.org,71.94,txn_103553,2026-01-24
13555,uma603@shop.net,28.52,txn_103554,2026-06-18
13556,david128@example.com,59.18,txn_103555,2026-06-23
13557,laura866@example.com,4868.93,txn_103556,2026-04-03
13558,peggy911@test.org,31.34,txn_103557,2026-01-19
13559,eli433@example.com,9.64,txn_103558,2026-06-02
13560,iris827@inbox.io,36.59,txn_103559,2026-03-05
13561,aria103@mail.com,24.49,txn_103560,2026-04-06
13562,miles389@example.com,8.69,txn_103561,2026-06-02
13563,pia309@inbox.io,115.85,txn_103562,2026-05-29
13564,quentin49@mail.com,33.23,txn_103563,2026-04-07
13565,ray805@shop.net,458.47,txn_103564,2026-06-07
13566,blake510@test.org,29.52,txn_103565,2026-04-22
13567,quentin15@mail.com,191.77,txn_103566,2026-03-22
13568,blake502@shop.net,120.79,txn_103567,2026-01-08
13569,kai802@test.org,430.4,txn_103568,2026-02-26
13570,mallory825@inbox.io,36.89,txn_103569,2026-03-04
13571,xander819@shop.net,33.59,txn_103570,2026-02-03
13572,owen789@mail.com,57.54,txn_103571,2026-01-14
13573,grace648@test.org,50.62,txn_103572,2026-02-28
13574,david712@example.com,327.65,txn_103573,2026-02-17
13575,heidi156@mail.com,77.25,txn_103574,2026-04-26
13576,blake711@test.org,28.3,txn_103575,2026-02-04
13577,wren628@shop.net,7.08,txn_103576,2026-01-21
13578,laura727@shop.net,638.45,txn_103577,2026-05-09
13579,  quentin817@inbox.io  ,34.12,txn_103578,2026-01-16
13580,alice16@inbox.io,49.16,txn_103579,2026-04-12
13581,eli573@test.org,70.6,txn_103580,2026-02-14
13582,kai904@inbox.io,333.23,txn_103581,2026-01-04
13583,romeo139@test.org,1112.82,txn_103582,2026-03-09
13584,kevin78@test.org,13.32,txn_103583,2026-02-12
13585,,60.16,txn_103584,2026-05-03
13586,victor441@mail.com,49.16,txn_103585,2026-04-09
13587,wren50@inbox.io,31.28,txn_103586,2026-06-12
13588,kevin272@shop.net,252.45,txn_103587,2026-02-02
13589,heidi712@inbox.io,140.42,txn_103588,2026-03-06
13590,xander49@shop.net,75.84,txn_103589,2026-03-07
13591,trent293@shop.net,30.39,txn_103590,2026-02-07
13592,mallory115@example.com,19.52,txn_103591,2026-07-02
13593,casey789@shop.net,62.4,txn_103592,2026-07-07
13594,fiona752@inbox.io,90.18,txn_103593,2026-04-23
13595,zoe783@test.org,54.84,txn_103594,2026-06-15
13596,pia502@mail.com,19.37,txn_103595,2026-05-23
13597,iris702@test.org,10.46,txn_103596,2026-05-02
13598,wendy671@example.com,65.09,txn_103597,2026-01-18
13599,miles986@test.org,8.13,txn_103598,2026-03-26
13600,tara34@mail.com,79.57,txn_103599,2026-02-28
13601,uma516@inbox.io,112.01,txn_103600,2026-02-28
13602,victor903@mail.com,7.68,txn_103601,2026-06-29
13603,owen528@example.com,70.44,txn_103602,2026-04-23
13604,eli294@inbox.io,10.02,txn_103603,2026-04-19
13605,wendy286@mail.com,73.76,txn_103604,2026-04-03
13606,quentin438@shop.net,44.88,txn_103605,2026-05-17
13607,xander487@example.com,21.31,txn_103606,2026-06-30
13608,jude16@example.com,53.82,txn_103607,2026-07-05
13609,quinn247@shop.net,14.25,txn_103608,2026-05-18
13610,drew525@inbox.io,70.56,txn_103609,2026-07-08
13611,yasmin582@inbox.io,79.11,txn_103610,2026-05-16
13612,gabe907@mail.com,162.87,txn_103611,2026-01-16
13613,trent493@shop.net,14.96,txn_103612,2026-05-03
13614,grace860@shop.net,15.31,txn_103613,2026-04-07
13615,oscar830@example.com,59.67,txn_103614,2026-06-03
13616,iris728@test.org,25.08,txn_103615,2026-02-22
13617,jude607@mail.com,44.11,txn_103616,2026-03-02
13618,kai155@example.com,1978.0,txn_103617,2026-06-18
13619,jude31test.org,66.27,txn_103618,2026-05-26
13620,nina530@mail.com,190.9,txn_103619,2026-07-02
13621,kai947@inbox.io,15.93,txn_103620,2026-01-12
13622,heidi190@example.com,71.67,txn_103621,2026-01-05
13623,eve396@inbox.io,33.46,txn_103622,2026-01-12
13624,bob862@inbox.io,55.36,txn_103623,2026-05-23
13625,ray733@test.org,5.84,txn_103624,2026-01-22
13626,sybil382@mail.com,11.97,txn_103625,2026-01-16
13627,uri920@mail.com,74.64,txn_103626,2026-06-16
13628,peggy604@example.com,8.55,txn_103627,2026-05-04
13629,romeo802@test.org,1.22,txn_103628,2026-06-14
13630,ivan323@mail.com,69.98,txn_103629,2026-05-31
13631,uma36@example.com,60.0,txn_103630,2026-01-05
13632,drew938@test.org,32.75,txn_103631,2026-03-13
13633,victor389@inbox.io,10.59,txn_103632,2026-01-06
13634,sam447@example.com,72.27,txn_103633,2026-04-10
13635,blake95@shop.net,72.87,txn_103634,2026-04-11
13636,xander889@shop.net,11.77,txn_103635,2026-02-27
13637,sybil828@example.com,29.29,txn_103636,2026-04-13
13638,nora276@inbox.io,136.33,txn_103637,2026-05-14
13639,nora377@example.com,171.23,txn_103638,2026-04-21
13640,aria208@inbox.io,15.56,txn_103639,2026-05-17
13641,uri579@inbox.io,16.95,txn_103640,2026-06-05
13642,drew541@example.com,37.51,txn_103641,2026-05-23
13643,harper122@inbox.io,79.63,txn_103642,2026-06-19
13644,pia801@test.org,32.31,txn_103643,2026-04-05
13645,luna185@test.org,68.29,txn_103644,2026-05-26
13646,drew24@test.org,22.76,txn_103645,2026-01-06
13647,frank442@mail.com,171.68,txn_103646,2026-04-02
13648,drew592@inbox.io,70.45,txn_103647,2026-04-08
13649,alice81@shop.net,5.44,txn_103648,2026-05-27
13650,xander964@mail.com,39.57,txn_103649,2026-03-27
13651,gabe995@shop.net,338.17,txn_103650,2026-04-27
13652,sybil688@example.com,138.59,txn_103651,2026-04-09
13653,miles803@mail.com,45.64,txn_103652,2026-06-15
13654,jude288@mail.com,58.46,txn_103653,2026-04-14
13655,ivan273@test.org,15.57,txn_103654,2026-05-03
13656,victor602@inbox.io,9.0,txn_103655,2026-07-01
13657,quentin273@shop.net,231.57,txn_103656,2026-05-22
13658,wendy382@shop.net,67.63,txn_103657,2026-03-23
13659,blake130@inbox.io,48.35,txn_103658,2026-02-02
13660,xander851@test.org,48.09,txn_103659,2026-07-07
13661,david648@example.com,74.4,txn_103660,2026-03-29
13662,aria974@shop.net,17.88,txn_103661,2026-02-04
13663,romeo182@test.org,73.97,txn_103662,2026-06-06
13664,uma6@shop.net,41.41,txn_103663,2026-06-16
13665,harper165@mail.com,58.78,txn_103664,2026-03-03
13666,frank430@mail.com,75.62,txn_103665,2026-05-19
13667,zoe7@shop.net,9.42,txn_103666,2026-03-31
13668,jude94@example.com,32.89,txn_103667,2026-01-01
13669,nora865@mail.com,65.54,txn_103668,2026-06-18
13670,frank191@shop.net,61.06,txn_103669,2026-01-12
13671,val233@shop.net,458.66,txn_103670,2026-04-23
13672,david140@inbox.io,7.46,txn_103671,2026-01-19
13673,blake322@inbox.io,5.35,txn_103672,2026-05-04
13674,quentin899@example.com,63.89,txn_103673,2026-05-24
13675,tara716@shop.net,65.8,txn_103674,2026-04-04
13676,kai480@inbox.io,46.65,txn_103675,2026-02-24
13677,aria135@shop.net,25.93,txn_103676,2026-05-01
13678,zoe424@example.com,90.57,txn_103677,2026-06-09
13679,uri948@inbox.io,40.56,txn_103678,2026-03-21
13680,iris219@example.com,417.61,txn_103679,2026-01-19
13681,charlie341@shop.net,31.38,txn_103680,2026-05-24
13682,quinn413@inbox.io,18.74,txn_103681,2026-04-30
13683,sybil995@mail.com,174.88,txn_103682,2026-04-03
13684,casey537@shop.net,178.86,txn_103683,2026-03-28
13685,judy543@test.org,69.65,txn_103684,2026-05-20
13686,blake764@example.com,19.53,txn_103685,2026-05-21
13687,oscar913@shop.net,45.65,txn_103686,2026-02-19
13688,jude991@shop.net,65.02,txn_103687,2026-04-08
13689,owen416@shop.net,362.06,txn_103688,2026-03-26
13690,victor457@example.com,191.24,txn_103689,2026-06-30
13691,david369@test.org,30.17,txn_103690,2026-01-21
13692,xander164@test.org,18.71,txn_103691,2026-01-03
13693,miles554@example.com,470.69,txn_103692,2026-03-25
13694,grace506@example.com,28.21,txn_103693,2026-01-08
13695,quinn105@inbox.io,91.97,txn_103694,2026-01-22
13696,grace798@test.org,34.09,txn_103695,2026-06-03
13697,ray146@example.com,0,txn_103696,2026-04-24
13698,ray56@test.org,18.29,txn_103697,2026-06-12
13699,bob735@test.org,73.95,txn_103698,2026-03-22
13700,romeo699@example.com,5.05,txn_103699,2026-01-22
13701,quinn187@mail.com,28.53,txn_103700,2026-05-25
13702,wendy11@example.com,36.33,txn_103701,2026-06-29
13703,david328@example.com,0.33,txn_103702,2026-07-04
13704,laura990@shop.net,162.37,txn_103703,2026-05-31
13705,quentin649@test.org,120.77,txn_103704,2026-04-23
13706,sybil979@example.com,91.99,txn_103705,2026-04-24
13707,tara865@mail.com,49.62,txn_103706,2026-01-13
13708,wendy691@inbox.io,7.1,txn_103707,2026-03-01
13709,quinn50@example.com,34.45,txn_103708,2026-06-23
13710,nora994@mail.com,59.1,txn_103709,2026-02-22
13711,sam122@inbox.io,31.12,txn_103710,2026-01-09
13712,nina47@test.org,57.4,txn_103711,2026-07-14
13713,sybil74@example.com,52.01,txn_103712,2026-01-25
13714,oscar902@shop.net,71.89,txn_103713,2026-05-20
13715,wendy779@shop.net,189.12,txn_103714,2026-06-25
13716,kai151@shop.net,34.09,txn_103715,2026-01-09
13717,david987@test.org,75.54,txn_103716,2026-01-04
13718,pia408@example.com,75.72,txn_103717,2026-05-21
13719,david560@example.com,37.94,txn_103718,2026-03-09
13720,charlie491@mail.com,57.08,txn_103719,2026-02-02
13721,tara679@mail.com,68.62,txn_103720,2026-03-20
13722,luna883@shop.net,5.21,txn_103721,2026-05-06
13723,drew777@test.org,98.86,txn_103722,2026-03-25
13724,alice165@mail.com,67.13,txn_103723,2026-01-19
13725,fiona389@mail.com,14.75,txn_103724,2026-04-11
13726,laura109@shop.net,24.11,txn_103725,2026-05-30
13727,david678@mail.com,410.74,txn_103726,2026-02-08
13728,oscar316@mail.com,12.14,txn_103727,2026-01-04
13729,val586@example.com,72.13,txn_103728,2026-04-18
13730,ray365@example.com,52.79,txn_103729,2026-05-19
13731,jude523@test.org,6.05,txn_103730,2026-01-30
13732,frank403@test.org,64.59,txn_103731,2026-06-07
13733,alice918@shop.net,76.83,txn_103732,2026-04-27
13734,victor570@inbox.io,145.16,txn_103733,2026-03-24
13735,kai90@mail.com,60.27,txn_103734,2026-07-17
13736,blake172@shop.net,22.32,txn_103735,2026-03-03
13737,aria817@mail.com,57.07,txn_103736,2026-04-28
13738,xander534@shop.net,24.19,txn_103737,2026-04-29
13739,bob130@inbox.io,38.37,txn_103738,2026-01-24
13740,wendy232@mail.com,146.09,txn_103739,2026-02-16
13741,mallory718@test.org,229.69,txn_103740,2026-06-05
13742,uri70@mail.com,73.28,txn_103741,2026-02-01
13743,harper932@inbox.io,5.32,txn_103742,2026-04-04
13744,kai445@example.com,13.4,txn_103743,2026-04-22
13745,nina381@inbox.io,46.3,txn_103744,2026-07-06
13746,luna583@shop.net,162.83,txn_103745,2026-05-01
13747,kevin391@example.com,8.33,txn_103746,2026-01-13
13748,wren940@shop.net,45.12,txn_103747,2026-06-29
13749,miles69@mail.com,33.16,txn_103748,2026-02-09
13750,,176.44,txn_103749,2026-03-12
13751,victor888@shop.net,12.2,txn_103750,2026-05-12
13752,ivan740@mail.com,99.5,txn_103751,2026-01-14
13753,laura219@inbox.io,45.25,txn_103752,2026-06-10
13754,oscar679@mail.com,217.75,txn_103753,2026-01-23
13755,romeo499@shop.net,1482.25,txn_103754,2026-07-07
13756,ivan766@inbox.io,36.61,txn_103755,2026-04-03
13757,kai728@inbox.io,5.77,txn_103756,2026-02-02
13758,val131@example.com,20.59,txn_103757,2026-01-13
13759,romeo225@mail.com,95.67,txn_103758,2026-04-23
13760,fiona871@shop.net,408.64,txn_103759,2026-01-27
13761,peggy736@shop.net,72.39,txn_103760,2026-07-14
13762,ivan96@inbox.io,71.48,txn_103761,2026-04-15
13763,quentin202@test.org,78.83,txn_103762,2026-01-15
13764,wendy237@inbox.io,331.99,txn_103763,2026-04-28
13765,wendy925@test.org,50.83,txn_103764,2026-02-27
13766,ivan701@example.com,17.14,txn_103765,2026-06-03
13767,frank700@test.org,162.29,txn_103766,2026-07-10
13768,eve306@test.org,50.61,txn_103767,2026-02-10
13769,luna224@inbox.io,63.89,txn_103768,2026-03-09
13770,peggy841@inbox.io,51.51,txn_103769,2026-04-11
13771,kevin582@mail.com,70.15,txn_103770,2026-01-31
13772,aria15@test.org,32.52,txn_103771,2026-05-23
13773,xander862@test.org,317.98,txn_103772,2026-07-12
13774,charlie240@,191.58,txn_103773,2026-01-22
13775,kai824@inbox.io,32.13,txn_103774,2026-03-19
13776,luna798@shop.net,110.57,txn_103775,2026-06-17
13777,charlie989@test.org,78.48,txn_103776,2026-06-25
13778,trent789@inbox.io,21.85,txn_103777,2026-04-17
13779,wendy310@example.com,33.27,txn_103778,2026-04-27
13780,mallory867@mail.com,15.1,txn_103779,2026-01-31
13781,frank992@shop.net,21.23,txn_103780,2026-04-16
13782,quinn942@mail.com,121.22,txn_103781,2026-06-17
13783,jude273@shop.net,12.61,txn_103782,2026-05-12
13784,gabe547@example.com,193.9,txn_103783,2026-06-02
13785,ray101@inbox.io,191.64,txn_103784,2026-02-07
13786,owen742@mail.com,66.55,txn_103785,2026-01-22
13787,quinn585@inbox.io,24.78,txn_103786,2026-02-21
13788,jude825@shop.net,15.05,txn_103787,2026-03-14
13789,drew911@mail.com,9.32,txn_103788,2026-05-17
13790,peggy252@mail.com,20.17,txn_103789,2026-01-09
13791,sam80@mail.com,67.58,txn_103790,2026-06-21
13792,harper416@test.org,78.51,txn_103791,2026-03-10
13793,xander798@test.org,189.94,txn_103792,2026-05-25
13794,ray512@shop.net,39.01,txn_103793,2026-05-31
13795,tara740@shop.net,188.18,txn_103794,2026-06-12
13796,victor370@mail.com,330.98,txn_103795,2026-05-25
13797,eli403@shop.net,59.61,txn_103796,2026-07-18
13798,gabe986@test.org,131.71,txn_103797,2026-03-13
13799,ivan182@example.com,32.75,txn_103798,2026-05-18
13800,sam587@example.com,67.91,txn_103799,2026-06-08
13801,trent90@inbox.io,102.24,txn_103800,2026-04-13
13802,miles331@mail.com,124.55,txn_103801,2026-04-08
13803,zach865@shop.net,13.46,txn_103802,2026-03-03
13804,alice891@test.org,705.06,txn_103803,2026-04-05
13805,zoe122@inbox.io,33.86,txn_103804,2026-03-15
13806,david667@shop.net,19.66,txn_103805,2026-02-10
13807,aria309@example.com,186.34,txn_103806,2026-02-24
13808,tara464@example.com,21.5,txn_103807,2026-07-17
13809,drew107@mail.com,404.2,txn_103808,2026-01-05
13810,bob662@inbox.io,14.15,txn_103809,2026-05-16
13811,wendy146@mail.com,223.82,txn_103810,2026-07-06
13812,jude95@test.org,367.09,txn_103811,2026-03-23
13813,kevin372@mail.com,158.95,txn_103812,2026-07-09
13814,laura911@test.org,439.25,txn_103813,2026-03-08
13815,romeo50@test.org,19.55,txn_103814,2026-02-11
13816,pia709@example.com,64.75,txn_103815,2026-07-09
13817,judy927@mail.com,38.97,txn_103816,2026-05-28
13818,blake699@test.org,19.12,txn_103817,2026-04-30
13819,alice286@example.com,393.71,txn_103818,2026-01-12
13820,wren835@shop.net,37.95,txn_103819,2026-05-18
13821,eve950@example.com,297.65,txn_103820,2026-05-13
13822,quinn38@example.com,16.4,txn_103821,2026-06-24
13823,laura68@mail.com,28.98,txn_103822,2026-06-19
13824,mallory436@example.com,27.58,txn_103823,2026-05-27
13825,sam788@example.com,428.92,txn_103824,2026-05-16
13826,not-an-email,-29.86,txn_103825,2026-02-20
13827,heidi388@mail.com,31.33,txn_103826,2026-02-09
13828,harper181@test.org,208.04,txn_103827,2026-06-15
13829,laura744@inbox.io,41.35,txn_103828,2026-03-05
13830,wendy737@mail.com,51.15,txn_103829,2026-06-18
13831,ray932@mail.com,17.67,txn_103830,2026-06-13
13832,sam233@test.org,19.26,txn_103831,2026-05-14
13833,miles179@inbox.io,32.27,txn_103832,2026-05-02
13834,sam801@mail.com,14.69,txn_103833,2026-04-19
13835,blake520@example.com,7.61,txn_103834,2026-04-12
13836,frank565@example.com,568.34,txn_103835,2026-02-17
13837,yasmin510@inbox.io,94.5,txn_103836,2026-05-10
13838,kevin391@mail.com,6.06,txn_103837,2026-02-01
13839,judy103@test.org,68.4,txn_103838,2026-05-22
13840,oscar695@inbox.io,77.14,txn_103839,2026-06-30
13841,frank683@test.org,155.63,txn_103840,2026-07-01
13842,wren547@shop.net,173.52,txn_103841,2026-05-03
13843,mallory454@,95.72,txn_103842,2026-02-23
13844,nina146@mail.com,475.89,txn_103843,2026-05-11
13845,bob773@example.com,24.03,txn_103844,2026-02-09
13846,wendy687@inbox.io,147.93,txn_103845,2026-07-03
13847,quinn183@mail.com,122.45,txn_103846,2026-01-15
13848,yasmin841@mail.com,199.15,txn_103847,2026-03-28
13849,nina672@shop.net,34.22,txn_103848,2026-06-12
13850,uri886@test.org,88.0,txn_103849,2026-06-15
13851,heidi57@inbox.io,56.28,txn_103850,2026-05-06
13852,romeo848@example.com,41.42,txn_103851,2026-03-22
13853,oscar973@inbox.io,14.15,txn_103852,2026-05-24
13854,uma14@mail.com,88.61,txn_103853,2026-07-18
13855,yasmin411@mail.com,43.15,txn_103854,2026-03-15
13856,quinn235@test.org,59.01,txn_103855,2026-06-18
13857,xander65@test.org,25.76,txn_103856,2026-05-02
13858,charlie327@shop.net,10.45,txn_103857,2026-02-14
13859,owen378@example.com,78.3,txn_103858,2026-03-10
13860,eve580@example.com,160.79,txn_103859,2026-03-26
13861,blake18@shop.net,55.29,txn_103860,2026-05-28
13862,uri607@test.org,-43.52,txn_103861,2026-04-26
13863,jude367@test.org,87.22,txn_103862,2026-01-01
13864,ivan260@example.com,78.23,txn_103863,2026-06-20
13865,alice638@example.com,139.54,txn_103864,2026-02-04
13866,uri154@example.com,75.56,txn_103865,2026-05-27
13867,peggy928@test.org,321.06,txn_103866,2026-05-17
13868,kai416@test.org,76.62,txn_103867,2026-05-02
13869,nina169@example.com,71.99,txn_103868,2026-03-01
13870,frank789@inbox.io,37.84,txn_103869,2026-04-10
13871,ray472@example.com,408.64,txn_103870,2026-05-16
13872,iris487@inbox.io,36.53,txn_103871,2026-03-02
13873,owen964@mail.com,47.87,txn_103872,2026-06-28
13874,sam208@shop.net,11.88,txn_103873,2026-07-17
13875,yasmin317@shop.net,76.54,txn_103874,2026-06-22
12124,uri653@inbox.io,22.49,txn_103875,2026-02-07
13877,charlie124@mail.com,31.4,txn_103876,2026-01-07
13878,zoe498@shop.net,112.67,txn_103877,2026-03-14
13879,kai819@test.org,343.98,txn_103878,2026-07-02
13880,david144@example.com,47.09,txn_103879,2026-04-12
13881,trent558@shop.net,1.75,txn_103880,2026-04-13
13882,trent459@inbox.io,74.25,txn_103881,2026-01-23
13883,aria395@mail.com,131.2,txn_103882,2026-01-09
13884,quentin34@shop.net,23.32,txn_103883,2026-03-22
13885,sam482@mail.com,49.16,txn_103884,2026-04-09
13886,romeo437@inbox.io,77.22,txn_103885,2026-04-23
13887,frank904@example.com,53.76,txn_103886,2026-02-05
13888,kai229@test.org,8.72,txn_103887,2026-04-05
13889,luna737@test.org,32.6,txn_103888,2026-01-29
13890,kevin165@inbox.io,55.58,txn_103889,2026-04-20
13891,trent81@mail.com,153.69,txn_103890,2026-05-15
13892,nora861@inbox.io,30.15,txn_103891,2026-04-11
13893,wendy424@shop.net,23.6,txn_103892,2026-03-26
13894,wren896@shop.net,477.0,txn_103893,2026-07-10
13895,oscar727@shop.net,10.47,txn_103894,2026-03-20
13896,nora406@example.com,50.26,txn_103895,2026-03-04
13897,wren249@inbox.io,193.37,txn_103896,2026-03-08
13898,romeo462@inbox.io,48.12,txn_103897,2026-03-11
13899,aria18@shop.net,55.7,txn_103898,2026-06-18
13900,sam176@inbox.io,8.58,txn_103899,2026-03-26
13901,gabe132@test.org,40.78,txn_103900,2026-02-25
13902,kai658+personal@inbox.io,142.69,txn_103901,2026-03-11
13903,grace162@mail.com,5.6,txn_103902,2026-07-14
13904,kai133@test.org,18.0,txn_103903,2026-05-03
13905,wren491@example.com,72.44,txn_103904,2026-05-13
13906,wendy294@mail.com,63.83,txn_103905,2026-04-05
13907,victor820@test.org,69.44,txn_103906,2026-02-02
13908,charlie11@mail.com,25.86,txn_103907,2026-04-21
13909,trent952@test.org,59.27,txn_103908,2026-02-27
13910,kai843@example.com,72.29,txn_103909,2026-04-02
13911,grace798@mail.com,60.04,txn_103910,2026-04-29
13912,victor886@test.org,58.02,txn_103911,2026-04-11
13913,mallory597@shop.net,55.82,txn_103912,2026-05-01
13914,alice963@inbox.io,65.46,txn_103913,2026-05-27
13915,nora968@mail.com,57.94,txn_103914,2026-05-22
13916,trent266@mail.com,34.74,txn_103915,2026-02-26
13917,frank229@example.com,365.22,txn_103916,2026-01-13
13918,nina912@shop.net,67.16,txn_103917,2026-02-10
13919,quinn35@mail.com,103.39,txn_103918,2026-04-28
13920,sybil272@mail.com,54.2,txn_103919,2026-01-05
13921,trent680@mail.com,48.46,txn_103920,2026-05-10
13922,val801@test.org,179.74,txn_103921,2026-01-09
13923,jude728@shop.net,96.9,txn_103922,2026-03-13
13924,yasmin983@inbox.io,71.46,txn_103923,2026-06-17
13925,frank449@test.org,87.73,txn_103924,2026-03-09
13926,mallory310@example.com,28.89,txn_103925,2026-02-09
13927,oscar813@inbox.io,123.99,txn_103926,2026-01-13
13928,kevin835@mail.com,75.82,txn_103927,2026-04-19
13929,zach186@shop.net,30.26,txn_103928,2026-07-12
13930,wren204@mail.com,44.02,txn_103929,2026-02-09
13931,nora10@mail.com,15.08,txn_103930,2026-04-13
13932,kai221@example.com,5.75,txn_103931,2026-01-06
13933,oscar260@mail.com,38.07,txn_103932,2026-07-07
13934,sam687@example.com,434.99,txn_103933,2026-04-04
13935,alice877@test.org,63.19,txn_103934,2026-06-06
13936,nora769shop.net,109.89,txn_103935,31/02/2026
13937,david285@mail.com,20.8,txn_103936,2026-01-21
13938,laura753@mail.com,,txn_103937,2026-05-05
13939,kevin30@mail.com,58.76,txn_103938,2026-02-03
13940,charlie554@mail.com,10.11,txn_103939,2026-05-29
13941,val94@example.com,1.04,txn_103940,2026-02-11
13942,quinn300@mail.com,33.0,txn_103941,2026-04-23
13943,uri939@test.org,159.27,txn_103942,2026-05-20
13944,drew852@example.com,392.66,txn_103943,2026-06-26
13945,fiona845@shop.net,12.94,txn_103944,2026-06-03
13946,laura52@shop.net,52.99,txn_103945,2026-02-28
13947,iris158@test.org,136.3,txn_103946,2026-02-07
13948,victor894@inbox.io,253.96,txn_103947,2026-03-23
13949,miles822@example.com,434.58,txn_103948,2026-03-29
13950,yasmin777@test.org,58.45,txn_103949,2026-05-10
13951,uri970@mail.com,23.68,txn_103950,2026-02-18
13952,casey788@inbox.io,438.33,txn_103951,2026-01-26
13953,ivan89@example.com,678.84,txn_103952,2026-04-28
13954,gabe242@example.com,78.69,txn_103953,2026-05-22
13955,aria52@inbox.io,71.81,txn_103954,2026-01-19
13956,drew884@example.com,114.96,txn_103955,2026-01-10
13957,owen613@mail.com,12.77,txn_103956,2026-06-08
13958,nora712@shop.net,49.86,txn_103957,2026-07-08
13959,wren506@example.com,18.16,txn_103958,2026-05-07
13960,yasmin256@shop.net,39.08,txn_103959,2026-02-11
13961,bob878@shop.net,15.83,txn_103960,2026-04-07
13962,laura696@test.org,65.82,txn_103961,2026-06-01
13963,pia871@test.org,472.63,txn_103962,2026-07-09
13964,val709@example.com,19.66,txn_103963,2026-03-16
13965,sybil454@shop.net,180.02,txn_103964,2026-03-20
13966,gabe512@inbox.io,48.51,txn_103965,2026-03-26
13967,alice476@shop.net,17.47,txn_103966,2026-04-06
13968,nora785@test.org,31.2,txn_103967,2026-06-06
13969,zoe195@shop.net,133.78,txn_103968,2026-03-07
13970,nora407@mail.com,54.34,txn_103969,2026-02-10
13971,miles425@shop.net,18.87,txn_103970,2026-05-08
13972,eli814@shop.net,73.4,txn_103971,2026-05-26
13973,judy429@example.com,34.95,txn_103972,2026-05-19
13974,frank829@mail.com,7.08,txn_103973,2026-04-05
13975,kai155@mail.com,13.78,txn_103974,2026-03-24
13976,zoe224@test.org,49.36,txn_103975,2026-03-22
13977,wren412@inbox.io,23.33,txn_103976,2026-06-21
13978,uri662@mail.com,67.0,txn_103977,2026-07-05
13979,sybil44@mail.com,10.7,txn_103978,2026-06-19
13980,quentin527@inbox.io,55.16,txn_103979,2026-03-28
13981,grace210@mail.com,106.76,txn_103980,2026-05-18
13982,wren45@example.com,45.08,txn_103981,2026-02-27
13983,tara66@mail.com,90.04,txn_103982,2026-02-08
13984,grace801@mail.com,61.19,txn_103983,2026-05-11
13985,quinn729@example.com,16.52,txn_103984,2026-04-22
13986,iris549@test.org,35.11,txn_103985,2026-01-03
13987,grace113@inbox.io,24.66,txn_103986,2026-05-18
13988,david317@test.org,1625.11,txn_103987,2026-06-22
13989,alice814@example.com,47.75,txn_103988,2026-05-09
13990,fiona654@test.org,23.34,txn_103989,2026-03-22
13991,harper795@shop.net,126.53,txn_103990,2026-04-13
13992,sybil767@test.org,60.9,txn_103991,2026-06-02
13993,blake223@mail.com,18.52,txn_103992,2026-06-06
13994,judy829@test.org,10.63,txn_103993,2026-02-16
13995,bob707@shop.net,26.32,txn_103994,2026-06-06
13996,quentin223@inbox.io,93.53,txn_103995,2026-07-07
13997,fiona940@inbox.io,172.7,txn_103996,2026-06-29
13998,heidi483@example.com,133.58,txn_103997,2026-07-14
13999,aria625@inbox.io,50.97,txn_103998,2026-05-28
14000,sam99@inbox.io,43.53,txn_103999,2026-02-20
14001,heidi21@inbox.io,70.64,txn_104000,2026-04-19
14002,aria756@example.com,17.61,txn_104001,2026-01-01
14003,david357@example.com,424.4,txn_104002,2026-05-19
14004,victor558@mail.com,70.47,txn_104003,2026-04-18
14005,uma335@example.com,112.42,txn_104004,2026-05-16
14006,peggy727@inbox.io,31.65,txn_104005,2026-06-26
14007,kevin863@test.org,100.51,txn_104006,2026-07-19
14008,kai64@inbox.io,34.86,txn_104007,2026-06-28
14009,blake843@mail.com,37.71,txn_104008,2026-03-04
14010,oscar865@mail.com,71.72,txn_104009,2026-05-09
14011,nora690@test.org,195.17,txn_104010,2026-02-24
14012,eli922@test.org,140.68,txn_104011,2026-06-12
14013,heidi935@inbox.io,179.26,txn_104012,2026-04-14
14014,laura466@test.org,37.55,txn_104013,2026-03-20
14015,zoe1@example.com,784.81,txn_104014,2026-06-19
14016,gabe206@mail.com,415.07,txn_104015,2026-02-09
14017,grace870@inbox.io,77.81,txn_104016,2026-03-31
14018,laura755@test.org,69.21,txn_104017,2026-05-16
14019,eli726@shop.net,420.88,txn_104018,2026-06-29
14020,bob976@test.org,139.16,txn_104019,2026-01-25
14021,pia433@example.com,166.8,txn_104020,2026-05-29
14022,kevin651@example.com,144.59,txn_104021,2026-01-26
14023,pia254@shop.net,154.54,txn_104022,2026-04-30
14024,miles980@test.org,39.55,txn_104023,2026-05-09
14025,sam361@example.com,325.7,txn_104024,2026-05-17
14026,pia555@mail.com,31.25,txn_104025,2026-05-08
14027,laura734@example.com,98.08,txn_104026,2026-04-11
14028,yasmin713@shop.net,319.78,txn_104027,2026-04-09
14029,wren627@mail.com,148.97,txn_104028,2026-01-25
14030,ivan459@shop.net,51.26,txn_104029,2026-06-01
14031,kai352@mail.com,50.18,txn_104030,2026-06-21
14032,blake783@example.com,27.34,txn_104031,2026-02-04
14033,luna24@inbox.io,52.06,txn_104032,2026-02-06
14034,wren422@inbox.io,79.13,txn_104033,2026-03-19
14035,eve588@test.org,41.33,txn_104034,2026-05-24
14036,alice801@inbox.io,28.02,txn_104035,2026-06-24
14037,fiona573@shop.net,51.34,txn_104036,2026-05-27
14038,sybil283@test.org,43.18,txn_104037,2026-06-05
14039,gabe116@shop.net,23.19,txn_104038,2026-04-28
14040,harper212@shop.net,48.61,txn_104039,2026-05-17
14041,grace300@test.org,144.04,txn_104040,2026-03-09
14042,sybil11@shop.net,100.0,txn_104041,2026-06-13
14043,gabe897@test.org,77.36,txn_104042,2026-01-31
14044,charlie409@mail.com,0,txn_104043,2026-04-12
14045,zach567@shop.net,9.59,txn_104044,2026-05-20
14046,laura548@shop.net,123.03,txn_104045,2026-01-27
14047,zoe1@mail.com,45.47,txn_104046,2026-05-23
14048,mallory338@example.com,55.01,txn_104047,2026-05-19
14049,jude634@mail.com,40.53,txn_104048,2026-07-10
14050,grace356@inbox.io,69.91,txn_104049,2026-01-04
14051,judy808+promo@test.org,5.95,txn_104050,2026-01-01
14052,nina696@example.com,34.28,txn_104051,2026-06-23
14053,zach607@example.com,173.43,txn_104052,2026-04-02
14054,pia18@mail.com,485.09,txn_104053,2026-04-10
14055,sybil572@example.com,47.4,txn_104054,2026-04-23
14056,iris443@shop.net,8.88,txn_104055,2026-07-14
14057,eli670@example.com,40.41,txn_104056,2026-04-17
14058,pia32@example.com,61.26,txn_104057,2026-04-20
14059,xander49@example.com,73.92,txn_104058,2026-03-19
14060,quentin616@mail.com,8.24,txn_104059,2026-05-04
14061,romeo978@shop.net,72.68,txn_104060,2026-04-13
14062,xander309@mail.com,313.35,txn_104061,2026-07-19
14063,ivan332@example.com,383.38,txn_104062,2026-04-22
14064,eli323@mail.com,430.44,txn_104063,2026-02-17
14065,laura624@example.com,22.69,txn_104064,2026-06-12
14066,pia451@shop.net,111.03,txn_104065,2026-03-20
14067,eli311@test.org,56.36,txn_104066,2026-03-25
14068,xander229@inbox.io,29.47,txn_104067,2026-01-25
14069,oscar231@inbox.io,41.68,txn_104068,2026-01-21
14070,ivan342@shop.net,106.18,txn_104069,2026-02-12
14071,sam58@inbox.io,23.69,txn_104070,2026-02-02
14072,quinn970@mail.com,70.17,txn_104071,2026-07-03
14073,zoe243@test.org,392.03,txn_104072,2026-06-12
14074,drew161@test.org,25.3,txn_104073,2026-06-14
14075,iris633@mail.com,29.07,txn_104074,2026-06-22
14076,uma333@inbox.io,48.83,txn_104075,2026-03-20
14077,kevin144@shop.net,117.52,txn_104076,2026-04-14
14078,heidi336@inbox.io,51.12,txn_104077,2026-04-25
14079,eve345@example.com,358.73,txn_104078,2026-06-13
14080,david316@shop.net,24.37,txn_104079,2026-04-27
14081,trent483@shop.net,32.46,txn_104080,2026-02-24
14082,wendy305@mail.com,44.67,txn_104081,2026-07-10
14083,uri115@shop.net,181.29,txn_104082,2026-01-31
14084,wendy308@inbox.io,197.6,txn_104083,2026-04-28
14085,mallory297@shop.net,152.36,txn_104084,2026-01-10
14086,victor501@mail.com,7.27,txn_104085,2026-02-19
14087,heidi223@inbox.io,70.54,txn_104086,2026-01-18
14088,sam246@mail.com,142.54,txn_104087,2026-06-03
14089,laura959@test.org,40.58,txn_104088,2026-05-17
14090,laura70@inbox.io,18.06,txn_104089,2026-05-20
14091,eli10@mail.com,46.61,txn_104090,2026-02-17
14092,uma321@example.com,38.39,txn_104091,2026-03-20
14093,aria852@shop.net,74.49,txn_104092,2026-07-06
14094,oscar832@test.org,141.42,txn_104093,2026-01-26
14095,gabe885@inbox.io,36.86,txn_104094,2026-05-03
14096,mallory286@shop.net,139.59,txn_104095,2026-07-08
14097,eli761@test.org,17.19,txn_104096,2026-04-12
14098,luna318@example.com,1.27,txn_104097,2026-02-04
14099,luna590@inbox.io,33.21,txn_104098,2026-04-21
14100,quentin54@shop.net,48.13,txn_104099,2026-01-08
14101,sam115@example.com,49.67,txn_104100,2026-03-29
14102,eli592@mail.com,72.94,txn_104101,2026-06-25
14103,tara168@shop.net,11.37,txn_104102,2026-06-02
14104,aria298@inbox.io,251.06,txn_104103,2026-03-17
14105,yasmin754@shop.net,432.94,txn_104104,2026-03-18
14106,nora742@inbox.io,32.8,txn_104105,2026-02-13
14107,jude844@shop.net,138.83,txn_104106,2026-06-12
14108,tara357@inbox.io,95.17,txn_104107,2026-05-13
14109,val863@example.com,18.44,txn_104108,2026-01-19
14110,casey474@inbox.io,153.1,txn_104109,2026-06-19
14111,owen840@example.com,44.66,txn_104110,2026-02-18
14112,owen930@inbox.io,187.85,txn_104111,2026-04-29
14113,alice769@shop.net,27.44,txn_104112,2026-03-09
14114,victor809@example.com,74.45,txn_104113,2026-04-19
14115,fiona536@mail.com,1973.06,txn_104114,2026-01-27
14116,frank744@mail.com,7.23,txn_104115,2026-05-16
14117,gabe771@shop.net,45.23,txn_104116,2026-07-18
14118,frank252@inbox.io,78.94,txn_104117,2026-05-18
14119,frank968@shop.net,372.93,txn_104118,2026-01-06
14120,val673@inbox.io,489.82,txn_104119,2026-07-04
14121,kai854@mail.com,40.1,txn_104120,2026-01-13
14122,xander152@shop.net,36.89,txn_104121,2026-04-19
14123,luna227@mail.com,124.84,txn_104122,2026-06-10
14124,quinn763@shop.net,61.31,txn_104123,2026-07-13
14125,uri985@test.org,172.26,txn_104124,2026-06-21
14126,uma130@mail.com,6.5,txn_104125,2026-07-10
14127,heidi590@example.com,48.84,txn_104126,2026-01-03
14128,peggy129@inbox.io,198.17,txn_104127,2026-03-20
14129,ivan358@shop.net,59.26,txn_104128,2026-01-11
14130,kai707@example.com,66.98,txn_104129,2026-01-26
14131,gabe44@example.com,9.57,txn_104130,2026-02-04
14132,trent732@mail.com,35.03,txn_104131,2026-03-29
14133,sam509@inbox.io,61.81,txn_104132,2026-02-05
14134,casey223@example.com,43.22,txn_104133,2026-06-03
14135,zach252@inbox.io,23.15,txn_104134,2026-06-08
14136,david642@example.com,29.13,txn_104135,2026-07-12
14137,blake376@example.com,26.89,txn_104136,2026-06-20
14138,peggy667@example.com,,txn_104137,2026-04-07
14139,peggy500@inbox.io,31.78,txn_104138,2026-01-30
14140,grace298@test.org,76.74,txn_104139,2026-06-07
14141,charlie859@mail.com,23.0,txn_104140,2026-05-05
14142,laura29@test.org,145.36,txn_104141,2026-04-18
14143,zoe420@test.org,73.56,txn_104142,2026-03-17
14144,laura85@inbox.io,24.12,txn_104143,2026-01-18
14145,tara79@test.org,12.86,txn_104144,2026-06-28
14146,drew650@shop.net,120.17,txn_104145,2026-06-12
14147,trent849@test.org,78.15,txn_104146,2026-02-01
14148,charlie686@mail.com,5.09,txn_104147,2026-05-06
14149,nina271@example.com,36.48,txn_104148,2026-04-19
14150,ivan894@inbox.io,52.53,txn_104149,2026-06-23
14151,romeo119@test.org,48.43,txn_104150,2026-06-01
14152,uma949@mail.com,35.88,txn_104151,2026-01-12
14153,aria412@test.org,61.71,txn_104152,2026-06-18
14154,miles584@example.com,42.92,txn_104153,2026-07-15
14155,romeo522@inbox.io,25.22,txn_104154,2026-03-23
14156,wren115@shop.net,108.46,txn_104155,2026-07-16
14157,victor767@inbox.io,96.29,txn_104156,2026-05-06
14158,heidi273@test.org,82.55,txn_104157,2026-04-19
14159,jude123@inbox.io,170.91,txn_104158,2026-03-11
14160,zoe208@example.com,20.62,txn_104159,2026-05-09
14161,wren923@inbox.io,42.01,txn_104160,2026-05-21
14162,eli668@test.org,195.42,txn_104161,2026-02-26
14163,uri220@mail.com,62.07,txn_104162,2026-04-26
14164,alice97@shop.net,5.63,txn_104163,2026-01-04
14165,nora965@example.com,257.9,txn_104164,2026-06-13
14166,aria191@example.com,34.69,txn_104165,2026-03-31
14167,quentin994@mail.com,24.65,txn_104166,2026-06-17
14168,kevin916@mail.com,7.61,txn_104167,2026-06-17
14169,wendy473@test.org,25.14,txn_104168,2026-03-13
14170,eve58@example.com,139.37,txn_104169,2026-06-01
14171,tara103@shop.net,16.97,txn_104170,2026-04-06
14172,zoe861@mail.com,10.65,txn_104171,2026-06-09
14173,eli317@inbox.io,52.57,txn_104172,2026-02-06
14174,judy558@shop.net,208.45,txn_104173,2026-07-06
14175,val487@inbox.io,34.23,txn_104174,2026-03-07
14176,kai210@test.org,32.99,txn_104175,2026-05-07
14177,trent190@mail.com,24.88,txn_104176,2026-06-27
14178,pia177@mail.com,13.09,txn_104177,2026-06-09
14179,david198@example.com,44.44,txn_104178,2026-01-26
14180,sam221@test.org,5.9,txn_104179,2026-05-20
14181,zach712@test.org,9.21,txn_104180,2026-02-08
14182,zoe33@example.com,63.46,txn_104181,2026-03-02
14183,zach739@test.org,47.84,txn_104182,2026-02-20
14184,aria598@inbox.io,30.42,txn_104183,2026-05-02
14185,miles31@shop.net,42.12,txn_104184,2026-02-04
14186,victor989@inbox.io,64.89,txn_104185,2026-02-25
14187,nora92@test.org,63.4,txn_104186,2026-06-17
14188,casey165@mail.com,20.31,txn_104187,2026-04-08
14189,kai762@example.com,71.34,txn_104188,2026-06-17
14190,yasmin146@test.org,6.87,txn_104189,2026-03-06
14191,uma762@shop.net,13.39,txn_104190,2026-05-07
14192,heidi172@inbox.io,79.46,txn_104191,2026-01-18
14193,eli466@example.com,23.37,txn_104192,2026-01-14
14194,judy778@mail.com,69.26,txn_104193,2026-02-03
14195,laura148@shop.net,34.8,txn_104194,2026-02-06
14196,victor220@mail.com,280.96,txn_104195,2026-01-22
14197,judy598@example.com,60.64,txn_104196,2026-04-25
14198,eli385@mail.com,20.62,txn_104197,2026-02-16
14199,aria324@shop.net,74.22,txn_104198,2026-05-01
14200,aria668@example.com,66.38,txn_104199,2026-07-04
14201,jude994@example.com,700.9,txn_104200,2026-03-30
14202,sam599@shop.net,13.4,txn_104201,2026-01-10
14203,ivan109@example.com,13.28,txn_104202,2026-05-18
14204,luna175@example.com,144.86,txn_104203,2026-04-14
14205,wren751@shop.net,45.19,txn_104204,2026-04-16
14206,quentin570@test.org,70.91,txn_104205,2026-05-12
14207,ray130@test.org,33.45,txn_104206,2026-01-16
14208,alice539@inbox.io,39.21,txn_104207,2026-01-07
14209,gabe449@mail.com,,txn_104208,2026-01-23
14210,kai586@example.com,26.87,txn_104209,2026-05-26
14211,ivan448@example.com,8.78,txn_104210,2026-05-27
14212,val956@inbox.io,187.25,txn_104211,2026-02-21
14213,zach986@inbox.io,95.34,txn_104212,2026-02-20
14214,uma286@mail.com,43.24,txn_104213,2026-03-11
14215,casey517@example.com,21.8,txn_104214,2026-05-16
14216,aria281@shop.net,16.1,txn_104215,2026-01-03
14217,kevin171@example.com,59.51,txn_104216,2026-06-25
14218,val888@mail.com,72.7,txn_104217,2026-01-01
14219,nina3@mail.com,6.36,txn_104218,2026-05-13
14220,yasmin813@mail.com,58.57,txn_104219,2026-04-14
14221,drew608@mail.com,5.36,txn_104220,2026-05-13
14222,harper787@inbox.io,199.91,txn_104221,2026-02-01
14223,quentin416@example.com,82.78,txn_104222,2026-01-24
14224,yasmin772@inbox.io,98.27,txn_104223,2026-03-02
14225,ivan207@test.org,422.65,txn_104224,2026-05-29
14226,ray968@inbox.io,167.21,txn_104225,2026-07-09
14227,tara46@inbox.io,45.63,txn_104226,2026-07-07
14228,victor557@shop.net,1926.43,txn_104227,2026-05-21
14229,blake265@test.org,8.05,txn_104228,2026-01-06
14230,miles528@inbox.io,21.43,txn_104229,2026-04-22
14231,heidi741@example.com,194.37,txn_104230,2026-01-22
14232,grace904@inbox.io,11.94,txn_104231,2026-06-04
14233,jude711@shop.net,42.59,txn_104232,2026-07-14
14234,kai154@shop.net,783.67,txn_104233,2026-03-08
14235,quinn71@example.com,29.3,txn_104234,2026-03-03
14236,romeo421@test.org,29.12,txn_104235,2026-05-28
14237,miles257@inbox.io,71.79,txn_104236,2026-03-11
14238,zach453@test.org,9.03,txn_104237,2026-01-15
14239,jude274@mail.com,166.52,txn_104238,2026-02-05
14240,tara933@inbox.io,43.02,txn_104239,2026-02-05
14241,  pia526@mail.com  ,74.18,txn_104240,2026-03-15
14242,not-an-email,,txn_104241,2026-05-16
14243,wendy909@inbox.io,24.66,txn_104242,2026-03-25
14244,ivan233@test.org,123.02,txn_104243,2026-02-19
14245,aria164@shop.net,266.68,txn_104244,2026-04-27
14246,bob302@example.com,51.48,txn_104245,2026-07-17
14247,jude565@mail.com,92.86,txn_104246,2026-01-30
14248,ray961@test.org,18.25,txn_104247,2026-06-11
14249,uma579@shop.net,54.92,txn_104248,2026-04-12
14250,heidi63@example.com,17.97,txn_104249,2026-01-15
14251,quentin419@test.org,,txn_104250,2026-05-24
14252,peggy147@inbox.io,7.22,txn_104251,2026-07-05
14253,val206@mail.com,690.73,txn_104252,2026-07-08
14254,owen71@test.org,14.38,txn_104253,2026-06-17
14255,quentin733@inbox.io,42.33,txn_104254,2026-04-20
14256,blake230@shop.net,1.14,txn_104255,2026-07-07
14257,wren320@shop.net,8.45,txn_104256,2026-03-20
14258,pia916@mail.com,37.99,txn_104257,2026-02-26
14259,owen393@shop.net,83.02,txn_104258,2026-06-09
14260,frank243@shop.net,42.44,txn_104259,2026-07-10
14261,owen988@mail.com,139.02,txn_104993,2026-02-08
14262,quentin359@mail.com,36.64,txn_104261,2026-05-06
14263,aria174@inbox.io,28.84,txn_104262,2026-01-26
14264,val846@mail.com,76.45,txn_104263,2026-04-11
14265,casey522@example.com,36.37,txn_104264,2026-04-10
14266,wendy976@test.org,14.75,txn_104265,2026-01-20
14267,nora906@test.org,1778.45,txn_104266,2026-04-24
14268,gabe810@shop.net,40.5,txn_104267,2026-01-21
14269,quinn593@mail.com,20.58,txn_104268,2026-01-04
14270,charlie999@test.org,441.88,txn_104269,2026-03-19
14271,gabe495@inbox.io,1960.33,txn_104270,2026-02-02
14272,peggy885@shop.net,20.71,txn_104271,2026-01-14
14273,trent900@test.org,125.41,txn_104272,2026-02-09
14274,heidi89@mail.com,52.79,txn_104273,2026-03-06
14275,miles168@shop.net,48.11,txn_104274,2026-02-14
14276,bob676@test.org,65.08,txn_104275,2026-06-14
14277,frank104@example.com,50.93,txn_104276,2026-07-18
14278,mallory564@inbox.io,16.01,txn_104277,2026-03-05
14279,alice240@test.org,30.3,txn_104278,2026-05-31
14280,sybil896@inbox.io,176.75,txn_104279,2026-07-05
14281,eve530@inbox.io,65.1,txn_104280,2026-05-18
14282,bob415@test.org,63.06,txn_104281,2026-03-30
14283,grace45@example.com,17.07,txn_104282,2026-04-05
14284,trent673@mail.com,89.87,txn_104283,2026-07-05
14285,laura884@mail.com,58.12,txn_104284,2026-01-14
14286,trent762@inbox.io,327.17,txn_104285,2026-03-03
14287,fiona103@mail.com,157.02,txn_104286,2026-05-10
14288,yasmin60@example.com,9.69,txn_104287,2026-06-28
14289,mallory609@example.com,67.11,txn_104288,2026-06-09
14290,miles83@example.com,25.7,txn_104289,2026-01-04
14291,nina942@shop.net,443.99,txn_104290,2026-03-03
14292,grace766@test.org,66.7,txn_104291,2026-07-15
14293,pia425@inbox.io,61.19,txn_104292,2026-06-11
14294,wren906@test.org,428.17,txn_104293,2026-04-01
14295,ray770@inbox.io,1582.64,txn_104294,2026-03-08
14296,grace664@inbox.io,78.36,txn_104295,2026-04-30
14297,harper889@shop.net,5.71,txn_104296,2026-01-31
14298,eve982@mail.com,21.76,txn_104297,2026-05-16
14299,kevin24@example.com,17.49,txn_104298,2026-05-16
14300,,136.6,txn_104299,2026-07-19
14301,drew779@inbox.io,22.0,txn_104300,2026-01-29
14302,aria437@example.com,56.77,txn_104301,2026-01-29
14303,zoe482@inbox.io,731.94,txn_104302,2026-02-21
14304,ray901@inbox.io,156.05,txn_104303,2026-04-09
14305,quentin503@test.org,144.26,txn_104304,2026-05-05
14306,victor42@mail.com,36.44,txn_104305,2026-01-28
14307,alice818@mail.com,6.12,txn_104306,2026-07-05
14308,tara376@inbox.io,135.86,txn_104307,2026-05-09
14309,charlie174@example.com,55.18,txn_104308,2026-03-17
14310,mallory219@mail.com,195.68,txn_104309,2026-02-11
14311,heidi600@test.org,79.5,txn_104310,2026-06-04
14312,quinn565@test.org,39.19,txn_104311,2026-04-12
14313,quinn21@test.org,38.19,txn_104312,2026-06-24
14314,wendy448@example.com,13.88,txn_104313,2026-05-28
14315,xander92@mail.com,0,txn_104314,2026-04-15
14316,trent398@mail.com,41.03,txn_104315,2026-01-03
14317,nina373@mail.com,75.58,txn_104316,2026-06-16
14318,harper915@shop.net,113.85,txn_104317,2026-02-24
14319,sam635@example.com,21.66,txn_104318,2026-02-05
14320,sybil876@inbox.io,9.95,txn_104319,2026-01-07
14321,alice935@shop.net,36.88,txn_104320,2026-01-20
14322,alice879@shop.net,16.05,txn_104321,2026-04-05
14323,eve488@test.org,171.64,txn_104322,2026-07-02
14324,jude716@test.org,58.47,txn_104323,2026-03-04
14325,oscar884@inbox.io,28.24,txn_104324,2026-01-24
14326,frank334@example.com,13.89,txn_104325,2026-07-14
14327,romeo431@test.org,79.52,txn_104326,2026-05-06
14328,gabe807inbox.io,76.94,txn_104327,2026-03-23
14329,eli566@mail.com,60.83,txn_104328,2026-01-29
14330,ivan789@inbox.io,38.68,txn_104329,2026-05-07
14331,victor138@example.com,32.91,txn_104330,2026-05-25
14332,fiona101@inbox.io,24.47,txn_104331,2026-04-07
14333,owen781@example.com,49.89,txn_104332,2026-02-11
14334,oscar20@test.org,64.01,txn_104333,2026-04-22
14335,wren791@shop.net,62.99,txn_104334,2026-04-30
14336,judy367@example.com,12.63,txn_104335,2026-04-28
14337,nina847@example.com,14.19,txn_104336,2026-04-09
14338,quentin545@test.org,1628.96,txn_104337,2026-05-04
14339,quinn222@example.com,28.85,txn_104338,2026-02-28
14340,harper795@example.com,38.17,txn_104339,2026-01-19
14341,trent867@inbox.io,39.43,txn_104340,2026-02-16
14342,yasmin166@example.com,29.92,txn_104341,2026-07-17
14343,wren702@test.org,78.59,txn_104342,2026-04-26
14344,laura529@inbox.io,199.64,txn_104343,2026-04-25
14345,aria257@test.org,38.4,txn_104344,2026-04-07
14346,ray148@mail.com,10.07,txn_104345,2026-06-30
14347,nina214@shop.net,196.03,txn_104346,2026-04-13
14348,eli709@test.org,50.28,txn_104347,2026-02-25
14349,harper740@test.org,40.64,txn_104348,2026-01-14
14350,aria817@example.com,73.89,txn_104349,2026-05-14
14351,zach696@inbox.io,9.32,txn_104350,2026-03-27
14352,zoe797@shop.net,5.45,txn_104351,2026-01-07
14353,ray967@inbox.io,172.64,txn_104352,2026-05-02
14354,mallory429@inbox.io,194.84,txn_104353,2026-03-25
14355,miles440@test.org,432.95,txn_104354,2026-03-22
14356,mallory422@shop.net,60.26,txn_104355,2026-05-09
14357,miles512@test.org,121.31,txn_104356,2026-02-10
14358,blake601@example.com,83.31,txn_104357,2026-07-20
14359,harper151@shop.net,137.22,txn_104358,2026-04-14
14360,val467@mail.com,101.63,txn_104359,2026-06-30
14361,laura967@mail.com,41.16,txn_104360,2026-01-28
14362,wren856@example.com,32.82,txn_104361,2026-05-06
14363,blake124@inbox.io,231.98,txn_104362,2026-02-12
14364,david162@shop.net,45.74,txn_104363,2026-01-30
14365,sybil858@shop.net,48.28,txn_104364,2026-03-01
14366,charlie180@shop.net,450.66,txn_104365,2026-05-29
14367,alice599@mail.com,101.5,txn_104366,2026-01-08
14368,laura985@test.org,1692.07,txn_104367,2026-01-04
14369,grace189@shop.net,25.15,txn_104368,2026-01-20
14370,david560@test.org,10.36,txn_104369,2026-04-29
14371,wren944@example.com,79.83,txn_104370,2026-04-13
14372,mallory909@test.org,186.58,txn_104371,2026-06-25
14373,alice299@example.com,20.65,txn_104372,2026-04-16
14374,drew260@mail.com,313.02,txn_104373,2026-02-27
14375,heidi164@test.org,63.69,txn_104374,2026-04-21
14376,peggy6@inbox.io,76.84,txn_104375,2026-01-09
14377,val775@test.org,278.03,txn_104376,2026-02-10
14378,wendy747@inbox.io,79.0,txn_104377,2026-03-25
14379,grace225@inbox.io,106.98,txn_104378,2026-04-29
14380,sam777@mail.com,45.57,txn_104379,2026-01-23
14381,kevin121@inbox.io,106.67,txn_104380,2026-06-16
14382,david999@shop.net,0,txn_104381,2026-01-16
14383,ivan736@test.org,34.63,txn_104382,2026-03-26
14384,kevin884@test.org,53.34,txn_104383,2026-04-02
14385,nina501@inbox.io,61.17,txn_104384,2026-05-31
14386,xander464@example.com,140.68,txn_104385,2026-05-20
14387,blake836@shop.net,61.11,txn_104386,2026-04-04
14388,wren867@test.org,100.36,txn_104387,2026-05-20
14389,alice579@example.com,453.33,txn_104388,2026-06-02
14390,charlie191@mail.com,188.49,txn_104389,2026-07-18
14391,trent635@mail.com,24.43,txn_104390,2026-05-27
14392,charlie231@inbox.io,16.77,txn_104391,2026-02-19
14393,peggy178@mail.com,17.58,txn_104392,2026-04-02
14394,eve158@example.com,188.7,txn_104393,2026-03-26
14395,wendy117@example.com,59.7,txn_104394,2026-03-28
14396,sybil816@shop.net,187.7,txn_104395,2026-02-27
14397,zach517@inbox.io,177.02,txn_104396,2026-03-14
14398,sam639@mail.com,63.18,txn_104397,2026-02-19
14399,kevin871@shop.net,73.94,txn_104398,2026-06-01
14400,blake8@mail.com,83.2,txn_104399,2026-05-25
14401,val661@inbox.io,14.47,txn_104400,2026-03-10
14402,wren93@shop.net,48.48,txn_104401,2026-04-24
14403,zoe770@shop.net,28.48,txn_104402,2026-06-06
14404,miles138@inbox.io,235.37,txn_104403,2026-03-04
14405,fiona203@test.org,39.48,txn_104404,2026-05-31
14406,xander164@shop.net,6.12,txn_104405,2026-02-16
14407,miles657@shop.net,20.24,txn_104406,2026-04-25
14408,victor816@inbox.io,14.93,txn_104407,2026-04-12
14409,casey720@example.com,41.12,txn_104408,2026-03-01
14410,uri132@test.org,456.49,txn_104409,2026-03-12
14411,eli155@shop.net,43.15,txn_104410,2026-04-13
14412,quentin106@test.org,97.02,txn_104411,2026-01-07
14413,nora124@test.org,62.48,txn_104412,2026-01-07
14414,alice608@inbox.io,60.64,txn_104413,2026-05-17
14415,romeo896@shop.net,9.58,txn_104414,2026-02-12
14416,tara65@example.com,22.27,txn_104415,2026-03-26
14417,wendy326@example.com,20.74,txn_104416,2026-07-17
14418,ivan596@example.com,27.46,txn_100149,2026-06-20
14419,david872@inbox.io,73.8,txn_104418,2026-04-29
14420,owen268@mail.com,78.04,txn_104419,2026-04-06
14421,sam881@shop.net,0,txn_104420,2026-05-09
14422,iris726@mail.com,155.39,txn_104421,2026-06-22
14423,uma811@inbox.io,18.52,txn_104422,2026-01-02
14424,trent495@inbox.io,37.36,txn_104423,2026-06-12
14425,yasmin204@inbox.io,464.19,txn_104424,2026-07-13
14426,kevin604@inbox.io,1145.0,txn_104425,2026-01-25
14427,wendy966@inbox.io,30.52,txn_104426,2026-07-03
14428,iris984@shop.net,9.3,txn_104427,2026-05-14
14429,victor805@inbox.io,168.23,txn_104428,2026-05-16
14430,mallory176@inbox.io,980.96,txn_104429,2026-04-22
14431,tara139@test.org,17.89,txn_104430,2026-07-09
14432,gabe408@shop.net,54.38,txn_104431,2026-07-19
14433,kevin313@shop.net,1.57,txn_104432,2026-06-13
14434,uma83@shop.net,127.01,txn_104433,2026-05-23
14435,kevin188@mail.com,81.03,txn_104434,2026-01-28
14436,iris362@mail.com,159.64,txn_104435,2026-06-12
14437,zach776@mail.com,115.99,txn_104436,2026-02-14
14438,jude194@test.org,23.9,txn_104437,2026-02-16
14439,pia93@example.com,100.34,txn_104438,2026-02-11
14440,peggy90@shop.net,48.0,txn_104439,2026-06-02
14441,alice621@example.com,130.1,txn_104440,2026-02-13
14442,sam41@test.org,34.89,txn_104441,2026-03-09
14443,victor986@example.com,37.27,txn_104442,2026-02-17
14444,eve857@test.org,7.95,txn_104443,2026-07-03
14445,oscar77@inbox.io,62.02,txn_104444,2026-05-28
14446,oscar380@mail.com,144.65,txn_104445,2026-02-15
14447,ivan306@mail.com,91.24,txn_104446,2026-06-01
14448,oscar873@test.org,8.51,txn_104447,2026-01-06
14449,harper473@mail.com,7.8,txn_104448,2026-04-13
14450,romeo114@test.org,424.51,txn_104449,2026-01-15
14451,eli892@test.org,26.1,txn_104450,2026-07-01
14452,harper11@shop.net,29.42,txn_104451,2026-04-29
13376,laura278@mail.com,38.35,txn_104452,2026-04-19
14454,quinn878@mail.com,13.35,txn_104453,2026-02-20
14455,aria13@example.com,64.44,txn_104454,2026-03-08
14456,sybil989@example.com,15.29,txn_104455,2026-02-21
14457,tara399@example.com,72.49,txn_104456,2026-03-15
14458,heidi471@mail.com,40.24,txn_104457,2026-04-10
14459,harper489@shop.net,468.29,txn_104458,2026-07-12
14460,charlie880@test.org,64.25,txn_104459,2026-06-04
14461,sybil639@mail.com,1728.18,txn_104460,2026-04-20
14462,eve336@test.org,92.01,txn_104461,2026-05-21
14463,casey89@example.com,139.33,txn_104462,2026-06-07
14464,kai177@mail.com,18.71,txn_104463,2026-02-13
14465,sybil225@inbox.io,25.0,txn_104464,2026-03-10
14466,eve173@test.org,30.9,txn_104465,2026-07-19
14467,victor514@mail.com,148.71,txn_104466,2026-04-25
14468,kai170@example.com,27.01,txn_104467,2026-05-18
14469,xander388@mail.com,96.42,txn_104468,2026-05-24
14470,kai288@example.com,17.97,txn_104469,2026-05-13
14471,blake65@shop.net,78.44,txn_104470,2026-01-01
14472,miles233@shop.net,30.29,txn_104471,2026-03-22
14473,eli179@shop.net,59.46,txn_104472,2026-03-02
14474,uma618@inbox.io,64.86,txn_104473,2026-05-29
14475,zoe489@mail.com,24.64,txn_104474,2026-04-20
14476,david501@shop.net,156.21,txn_104475,2026-07-08
14477,grace228@shop.net,76.71,txn_104476,2026-05-14
14478,quentin218@shop.net,34.71,txn_104477,2026-04-07
14479,frank771@inbox.io,53.89,txn_104478,2026-03-31
14480,aria918@shop.net,40.05,txn_104479,2026-06-23
14481,yasmin414@mail.com,65.69,txn_104480,2026-07-20
14482,eve675@shop.net,57.05,txn_104481,2026-05-13
14483,xander765@inbox.io,7.52,txn_104482,2026-01-16
14484,judy487@test.org,250.08,txn_104483,2026-01-29
14485,alice316@inbox.io,57.31,txn_104484,2026-06-16
14486,jude21@test.org,22.71,txn_104485,2026-04-16
14487,wren35@test.org,7.74,txn_104486,2026-06-30
14488,peggy274@test.org,377.64,txn_104487,2026-03-04
14489,nina406@example.com,38.0,txn_104488,2026-02-24
14490,bob483@test.org,186.52,txn_104489,2026-01-31
14491,jude188@mail.com,130.48,txn_104490,2026-05-02
14492,kai795@shop.net,6.21,txn_104491,2026-05-12
14493,casey663@inbox.io,29.68,txn_104492,2026-05-09
14494,wren693@shop.net,66.98,txn_104493,2026-04-10
14495,eli587@mail.com,27.85,txn_104494,2026-02-13
14496,sam711@inbox.io,68.59,txn_104495,2026-07-13
14497,eli25@test.org,117.79,txn_104496,2026-06-13
14498,uma865@example.com,27.7,txn_104497,2026-02-05
14499,ivan712@example.com,24.68,txn_104498,2026-05-24
14500,blake559@example.com,161.94,txn_104499,2026-04-24
14501,bob401@test.org,67.92,txn_104500,2026-07-15
14502,eve782@test.org,74.82,txn_104501,2026-06-23
14503,alice197@test.org,374.06,txn_104502,2026-02-15
14504,zoe860@inbox.io,55.47,txn_104503,2026-05-26
14505,iris503@mail.com,16.54,txn_104504,2026-06-29
14506,uma792@mail.com,135.64,txn_104505,2026-04-28
14507,val547@example.com,67.28,txn_104506,2026-06-06
14508,quentin415@mail.com,16.83,txn_104507,2026-02-22
14509,tara549@inbox.io,54.87,txn_104508,2026-01-23
14510,ray981@mail.com,56.53,txn_104509,2026-06-13
14511,miles116@example.com,63.13,txn_104510,2026-06-06
14512,aria28@test.org,1398.22,txn_104511,2026-01-17
14513,nora840@shop.net,19.24,txn_104512,2026-04-05
14514,quentin544@inbox.io,79.95,txn_104513,2026-03-01
14515,jude761@inbox.io,159.04,txn_104514,2026-03-04
14516,david802@mail.com,161.4,txn_104515,2026-07-09
14517,eve743@test.org,36.07,txn_104516,2026-05-09
14518,alice650@test.org,53.07,txn_104517,2026-06-19
14519,oscar352@example.com,143.32,txn_104518,2026-07-13
14520,wren106@example.com,68.82,txn_104519,2026-07-17
14521,luna923@mail.com,141.32,txn_104520,2026-03-26
14522,alice963@mail.com,8.48,txn_104521,2026-05-02
14523,david160@inbox.io,27.38,txn_104522,2026-04-25
14524,david32@mail.com,45.46,txn_104523,2026-05-13
14525,owen466@example.com,16.27,txn_104524,2026-02-12
14526,miles564@test.org,70.26,txn_104525,2026-03-17
14527,trent335@inbox.io,83.62,txn_104526,2026-01-05
14528,drew529@mail.com,48.46,txn_104527,2026-03-28
14529,kai657@mail.com,52.35,txn_104528,2026-01-23
14530,eve553@test.org,75.28,txn_104529,2026-06-25
14531,heidi906@inbox.io,183.03,txn_104530,2026-02-13
14532,eli402@test.org,46.81,txn_104531,2026-05-16
14533,ivan246@example.com,39.22,txn_104532,2026-06-12
14534,wren945@mail.com,55.44,   ,2026-03-09
14535,romeo224@shop.net,49.61,txn_104534,2026-06-11
14536,pia658@mail.com,79.87,txn_104535,2026-06-24
14537,fiona84@example.com,60.18,txn_104536,2026-03-17
14538,quinn306@mail.com,70.77,txn_104537,2026-02-25
14539,aria20@inbox.io,75.41,txn_104538,2026-02-09
14540,oscar373@test.org,18.7,txn_104539,2026-03-10
14541,kai415@test.org,191.22,txn_104540,2026-01-16
14542,peggy386@inbox.io,38.66,txn_104541,2026-02-03
14543,wren249@shop.net,14.97,txn_104542,2026-07-15
14544,sam44@shop.net,21.67,txn_104543,2026-07-15
14545,blake514@shop.net,163.99,txn_104544,2026-04-23
14546,xander696@shop.net,23.23,txn_104545,2026-04-13
14547,sam861@shop.net,141.2,txn_104546,2026-02-07
14548,heidi896@shop.net,134.21,txn_104547,2026-05-08
14549,peggy379@inbox.io,58.42,txn_104548,2026-04-16
14550,judy984@mail.com,37.09,txn_104549,2026-04-08
14551,zach619@test.org,196.42,txn_104550,2026-04-15
14552,sybil76@inbox.io,48.61,txn_104551,2026-05-26
14553,fiona139@mail.com,194.16,txn_104552,2026-02-17
14554,miles397@inbox.io,77.09,txn_104553,2026-05-25
12904,nora12@mail.com,34.86,txn_104554,2026-04-27
14556,kai418@inbox.io,71.94,txn_104555,2026-04-07
14557,nora931@inbox.io,152.1,txn_104556,2026-02-09
14558,luna811@inbox.io,364.45,txn_104557,2026-02-25
14559,uma753@inbox.io,77.94,txn_104558,2026-05-23
14560,gabe728@test.org,50.82,txn_104559,2026-04-06
14561,zoe13@test.org,23.53,txn_104560,2026-05-15
14562,laura536@example.com,442.24,txn_104561,2026-06-05
14563,peggy336@example.com,44.59,txn_104562,2026-02-18
14564,wren87@inbox.io,14.45,txn_104563,2026-01-03
14565,bob919@example.com,27.31,txn_104564,2026-06-17
14566,quinn953@test.org,68.01,txn_104565,2026-07-05
14567,val980@example.com,168.94,txn_104566,2026-06-19
14568,oscar892@example.com,75.18,txn_104567,2026-01-19
14569,nina122@shop.net,43.74,txn_104568,2026-05-28
14570,fiona156@shop.net,453.08,txn_104569,2026-05-01
14571,ivan606@example.com,37.61,txn_104570,2026-03-25
14572,quinn305@test.org,63.94,txn_104571,2026-06-28
14573,ivan931@shop.net,51.58,txn_104572,2026-07-01
14574,pia57@mail.com,22.51,txn_104573,2026-03-01
14575,bob955@inbox.io,37.0,txn_104574,2026-06-05
14576,grace966@inbox.io,0.55,txn_104575,2026-04-13
14577,ivan963@inbox.io,1665.18,txn_104576,2026-01-09
14578,pia412@shop.net,70.95,txn_104577,2026-01-22
14579,eli252@shop.net,5.21,txn_104578,2026-06-07
14580,aria103@test.org,329.18,txn_104579,2026-03-27
14581,eli776@mail.com,189.84,txn_104580,2026-06-14
14582,zoe870@shop.net,117.15,txn_104581,2026-03-20
14583,fiona124@shop.net,118.16,txn_104582,2026-01-19
14584,quinn494@mail.com,28.68,txn_104583,2026-04-14
14585,grace54@example.com,42.19,txn_104584,2026-06-14
14586,kevin509@example.com,1024.42,txn_104585,2026-02-27
14587,aria776@example.com,54.74,txn_104586,2026-01-12
14588,judy854@shop.net,67.69,txn_104587,2026-06-02
14589,uri605@example.com,41.32,txn_104588,2026-02-23
14590,drew195@example.com,18.79,txn_104589,2026-03-17
14591,trent867@shop.net,46.25,txn_104590,2026-01-01
14592,zoe506@shop.net,38.29,txn_104591,2026-05-17
14593,aria794@mail.com,78.98,txn_104592,2026-01-02
14594,sam424@test.org,63.3,txn_104593,2026-06-05
14595,eve645@test.org,73.92,txn_104594,2026-05-23
14596,zoe92@shop.net,22.92,txn_104595,2026-06-18
14597,kevin608@inbox.io,25.1,txn_104596,2026-04-09
14598,mallory38@shop.net,10.5,txn_104597,2026-04-01
14599,gabe353@example.com,60.65,txn_104598,2026-07-06
14600,val329@example.com,134.23,txn_104599,2026-03-11
14601,tara402@inbox.io,23.67,txn_104600,2026-06-20
14602,heidi49@test.org,66.59,txn_104601,2026-01-01
14603,david12@shop.net,71.92,txn_104602,2026-01-04
14604,tara327@shop.net,,txn_104603,2026-03-12
14605,bob619@mail.com,413.55,txn_104604,2026-02-08
14606,laura824@example.com,56.07,txn_104605,2026-05-31
14607,yasmin788@test.org,75.48,txn_104606,2026-07-07
14608,charlie527@mail.com,197716.47,txn_104607,2026-05-22
14609,zach644@shop.net,1615.61,txn_104608,2026-06-18
14610,,34.38,txn_104609,2026-02-10
14611,miles93@shop.net,1073.2,txn_104610,2026-06-27
14612,blake212@inbox.io,166.68,txn_104611,2026-03-29
14613,uri136@test.org,74.94,txn_104612,2026-06-04
14614,drew270@shop.net,140.38,txn_104613,2026-05-10
14615,david500@test.org,58.99,txn_104614,2026-06-04
14616,jude993@test.org,17.61,txn_104615,2026-06-23
14617,tara614@example.com,11.95,txn_104616,2026-07-05
14618,sam887@shop.net,11.89,txn_104617,2026-06-24
14619,judy388@test.org,30.15,txn_104618,2026-03-12
14620,jude575@shop.net,17.23,txn_104619,2026-04-13
14621,peggy674@mail.com,49.55,txn_104620,2026-04-14
14622,charlie466@shop.net,160.67,txn_104621,2026-02-10
14623,judy322@example.com,72.87,txn_104622,2026-06-23
14624,alice489@test.org,309.01,txn_104623,2026-03-13
14625,sybil744@test.org,64.25,txn_104624,2026-05-17
14626,ray941@mail.com,19.75,txn_104625,2026-04-24
14627,wren297@example.com,10.51,txn_104626,2026-06-08
14628,kai747@shop.net,25.42,txn_104627,2026-05-05
14629,yasmin136@test.org,101.58,txn_104628,2026-03-25
14630,sam385@inbox.io,308.99,txn_104629,2026-01-04
14631,ivan76@test.org,116.14,txn_104630,2026-02-03
14632,xander833@test.org,38.63,txn_104631,2026-02-25
14633,yasmin411@inbox.io,74.61,txn_104632,2026-01-14
14634,,22.9,txn_104633,2026-01-03
14635,xander133@example.com,186.45,txn_104634,2026-01-23
14636,pia273@test.org,154.86,txn_104635,2026-05-31
14637,heidi881@example.com,8.29,txn_104636,2026-01-31
14638,kevin825@example.com,156.69,txn_104637,2026-02-06
14639,xander24@mail.com,30.42,txn_104638,2026-06-26
14640,mallory776@test.org,40.06,txn_104639,2026-06-02
14641,xander879@mail.com,53.7,txn_104640,2026-02-17
14642,zach51@example.com,45.01,txn_104641,2026-01-12
14643,ivan358@test.org,484.26,txn_104642,2026-03-17
14644,quinn264@shop.net,197.78,txn_104643,2026-06-01
14645,ivan327@example.com,46.76,txn_104644,2026-06-04
14646,sybil948@shop.net,43.53,txn_104645,2026-02-01
14647,jude646@example.com,58.88,txn_104646,2026-06-02
14648,yasmin645@shop.net,20.85,txn_104647,2026-03-14
14649,wren408@shop.net,735.35,txn_104648,2026-02-12
14650,miles153@shop.net,51.24,txn_104649,2026-01-14
14651,uma390@test.org,77.71,txn_104650,2026-04-15
14652,grace861@test.org,45.63,txn_104651,2026-01-08
14653,casey304@example.com,53.03,txn_104652,2026-07-13
14654,aria17@test.org,31.5,txn_104653,2026-01-17
14655,xander374@inbox.io,33.08,txn_104654,2026-02-20
14656,ray70@example.com,55.95,txn_104655,2026-06-12
14657,frank509@test.org,117.92,txn_104656,2026-01-14
14658,wendy451@inbox.io,33.01,txn_104657,2026-02-15
14659,quentin77@shop.net,49.3,txn_104658,2026-03-20
14660,casey272@inbox.io,33.15,txn_104659,2026-03-09
14661,uri219@shop.net,65.87,txn_104660,2026-06-27
14662,drew56@inbox.io,39.52,txn_104661,2026-05-27
14663,val777@example.com,44.35,txn_104662,2026-05-28
14664,iris446@test.org,481.02,txn_104663,2026-07-03
14665,zach220@inbox.io,34.13,txn_104664,2026-02-01
14666,jude200@mail.com,165.62,txn_104665,2026-05-07
14667,quentin472@inbox.io,76.61,txn_104666,2026-04-06
14668,ray51@test.org,196.47,txn_104667,2026-07-10
14669,sam868@test.org,59.83,txn_104668,2026-05-19
14670,quentin877@mail.com,53.18,txn_104669,2026-05-25
14671,laura27@mail.com,37.44,txn_104670,2026-03-03
14672,nina871@mail.com,162.82,txn_104671,2026-06-04
14673,sam218@test.org,95.99,txn_104672,2026-05-25
14674,zach266@shop.net,70.14,txn_104673,2026-02-04
14675,uma782@mail.com,34.61,txn_104674,2026-04-28
14676,yasmin881@inbox.io,19.01,txn_104675,2026-02-12
14677,casey941@test.org,74.98,txn_104676,2026-02-10
14678,oscar889@inbox.io,15.55,txn_104677,2026-02-04
14679,peggy23@mail.com,23.85,txn_104678,2026-01-01
14680,eve632@test.org,62.09,txn_104679,2026-02-14
14681,harper301@shop.net,77.11,txn_104680,2026-05-07
14682,quinn620@example.com,16.2,txn_104681,2026-06-05
14683,alice340@test.org,183.44,txn_104682,2026-03-26
14684,romeo130@shop.net,86.91,txn_104683,2026-04-24
14685,uma583@test.org,51.68,txn_104684,2026-02-21
14686,jude128@mail.com,58.75,txn_104685,2026-04-11
14687,sybil219@mail.com,18.82,txn_104686,2026-07-14
14688,blake936@mail.com,38.71,txn_104687,2026-04-30
14689,nina962@mail.com,71.5,txn_104688,2026-05-10
14690,sam978@example.com,74.64,txn_104689,2026-07-06
14691,eli948@example.com,80.41,txn_104690,2028-07-01
14692,xander244@example.com,7.59,txn_104691,2026-06-07
14693,uma639@mail.com,27.82,txn_104692,2026-06-11
14694,sybil746@example.com,156.84,txn_104693,2026-07-01
14695,trent136+promo@example.com,112.43,txn_104694,2026-06-22
14696,pia485@test.org,124.02,txn_104695,2026-02-12
14697,blake431@test.org,47.69,txn_104696,2026-01-01
14698,blake15@mail.com,109.41,txn_104697,2026-04-14
14699,mallory679@inbox.io,1451.44,txn_104698,2026-04-14
14700,quentin747@test.org,48.03,txn_104699,2026-03-10
14701,uma498@inbox.io,20.66,txn_104700,2026-05-14
14702,nina716@inbox.io,161.53,txn_104701,2026-07-11
14703,kai726@inbox.io,79.79,txn_104702,2026-01-20
14704,quentin936@inbox.io,131.27,txn_104703,2026-05-31
14705,val911@inbox.io,28.52,txn_104704,2026-03-14
14706,miles147@mail.com,173.01,txn_104705,2026-04-22
14707,sybil131@mail.com,21.68,txn_104706,2026-06-01
14708,quentin104@test.org,16.77,txn_100994,2026-05-21
14709,luna825@inbox.io,54.54,txn_104708,2026-01-27
14710,victor296@inbox.io,30.46,txn_104709,2026-03-06
14711,bob717@example.com,56.38,txn_104710,2026-04-22
14712,val141@mail.com,444.99,txn_104711,2026-05-16
14713,tara962@shop.net,17.95,txn_104712,2026-06-13
14714,kevin408@shop.net,169.58,txn_104713,2026-06-28
14715,fiona868@example.com,42.59,txn_104714,2026-02-06
14716,ivan462@mail.com,45.95,txn_104715,2026-05-04
14717,david674@shop.net,68.59,txn_104716,2028-10-11
14718,yasmin51@inbox.io,10.78,txn_104717,2026-07-07
14719,mallory590@shop.net,35.06,txn_104718,2026-04-30
14720,val614@inbox.io,70.24,txn_104719,2026-03-11
14721,zach772@example.com,43.65,txn_104720,2026-02-14
14722,casey276@inbox.io,64.76,txn_104721,2026-02-19
14723,ray248@inbox.io,1784.47,txn_104722,2026-04-24
14724,judy405@mail.com,86.08,txn_104723,2026-05-20
14725,david902@inbox.io,11.28,txn_104724,2026-04-13
14726,ivan102@example.com,31.72,txn_104725,2026-03-23
14727,uri701@test.org,76.33,txn_104726,2026-03-26
14728,fiona970@inbox.io,29.58,txn_104727,2026-07-14
14729,wendy361@test.org,77.45,txn_104728,2026-03-07
14730,eli282@test.org,8.92,txn_104729,2026-05-15
14731,casey534@shop.net,129.79,txn_104730,2026-05-16
14732,ivan700@shop.net,10.35,txn_104731,2026-04-08
14733,wendy333@shop.net,18.13,txn_104732,2026-03-07
14734,trent71@shop.net,150.65,txn_104733,2026-05-01
14735,sybil148@example.com,179.98,txn_104734,2026-02-21
14736,harper935@test.org,36.94,txn_104735,2026-05-12
14737,zoe857@mail.com,40.25,txn_104736,2026-01-11
14738,uri464@example.com,23.39,txn_104737,2026-02-19
14739,charlie306@inbox.io,112.13,txn_104738,2026-02-24
14740,gabe63@test.org,64.8,txn_104739,2026-03-27
14741,uri554@example.com,45.1,txn_104740,2026-01-08
14742,miles765@shop.net,25.18,txn_104741,2026-05-29
14743,alice789@inbox.io,9.97,txn_104742,2026-06-05
14744,eli497@inbox.io,190.32,txn_104743,2026-05-28
14745,fiona861@mail.com,79.25,txn_104744,2026-05-23
14746,romeo215@example.com,50.7,txn_104745,2026-05-15
14747,alice326@shop.net,339.21,txn_104746,2026-04-01
14748,wren770@test.org,27.44,txn_104747,2026-05-11
14749,alice330@inbox.io,52.94,txn_104748,2026-02-27
14750,kai694@shop.net,30.26,txn_104749,2026-06-10
14751,wren47@inbox.io,78.69,txn_104750,2026-01-01
14752,kevin257@inbox.io,53.8,txn_104751,2026-01-12
14753,oscar363@example.com,380.14,txn_104752,2026-07-15
14754,ivan534@shop.net,68.11,txn_104753,2026-01-05
14755,drew865@mail.com,8.07,txn_104754,2026-01-25
14756,kai681@test.org,26.43,txn_104755,2026-04-22
14757,drew625@shop.net,76.15,txn_104756,2026-06-18
14758,trent526@example.com,168.54,txn_104757,2026-06-25
14759,harper207@mail.com,44.15,txn_104758,2026-07-05
14760,ivan328@inbox.io,142.4,txn_104759,2026-04-12
14761,sam826@inbox.io,231.81,txn_104760,2026-04-18
14762,kevin663@mail.com,100.2,txn_104761,2026-04-20
14763,bob740@shop.net,58.73,txn_104762,2026-07-13
14764,romeo471@mail.com,41.04,txn_104763,2026-05-13
14765,nina870@example.com,788.7,txn_104764,2026-01-01
14766,yasmin187@test.org,105.64,txn_104765,2026-06-14
14767,ray381@example.com,65.9,txn_104766,2026-07-15
14768,frank554@test.org,27.12,txn_104767,2026-02-07
14769,yasmin842@shop.net,28.43,txn_104768,2026-06-09
14770,jude857@inbox.io,36.53,txn_104769,2026-02-09
14771,peggy472@mail.com,106.41,txn_104770,2026-05-02
14772,heidi640@test.org,48.45,txn_104771,2026-02-08
14773,kevin483@mail.com,0,txn_104772,2026-01-10
14774,tara324@test.org,184.75,txn_104773,2026-07-02
14775,iris57@test.org,46.41,txn_104774,2026-04-30
14776,casey331@inbox.io,88.47,txn_104775,2026-04-24
14777,aria322@test.org,49.5,txn_104776,2026-01-20
14778,iris640@inbox.io,68.22,txn_104777,2026-07-11
14779,nina527@test.org,48.74,txn_104778,2026-03-24
14780,fiona60@inbox.io,27.69,txn_104779,2026-05-11
14781,miles172@test.org,46.24,txn_104780,2026-05-10
14782,quentin525@inbox.io,20.4,txn_104781,2026-01-06
14783,judy702@example.com,10.95,txn_104782,2026-03-02
14784,luna698@test.org,13.59,txn_104783,2026-06-11
14785,quinn29@inbox.io,30.03,txn_104784,2026-01-23
14786,jude103@inbox.io,47.53,txn_104785,2026-05-19
14787,harper868@test.org,62.18,txn_104786,2026-05-11
14788,zoe836@mail.com,157.86,txn_104787,2026-05-06
14789,alice398@test.org,181.98,txn_104788,2026-06-02
14790,charlie49@example.com,14.9,txn_104789,2026-05-04
14791,zoe604@mail.com,34.07,txn_104790,2029-04-17
14792,oscar282@mail.com,353.41,txn_104791,2026-04-22
14793,quinn623@shop.net,476.4,txn_104792,2026-03-04
14794,tara46@shop.net,29.59,txn_104793,2026-05-02
14795,nora883@test.org,59.72,txn_104794,2026-02-27
14796,mallory363@shop.net,6.0,txn_104795,2026-05-05
14797,casey758@mail.com,17.81,txn_104796,2026-06-18
14798,nina331@example.com,52.41,txn_104797,2026-06-24
14799,zoe451@shop.net,7.46,txn_104798,2026-02-02
14800,pia538@example.com,50.26,txn_104799,2026-07-09
14801,oscar281@inbox.io,113.62,txn_104800,2026-01-12
14802,trent522@shop.net,12.85,txn_104801,2026-01-20
14803,trent316@example.com,194.12,txn_104802,2026-06-16
14804,sam771@example.com,22.01,txn_104803,2026-06-15
14805,uma204@example.com,79.29,txn_104804,2026-01-30
14806,uma839@test.org,360.14,txn_104805,2026-01-20
14807,val597@example.com,70.88,txn_104806,2026-04-26
14808,nora551@test.org,71.19,txn_104807,2026-03-01
14809,owen824@shop.net,112.04,txn_104808,2026-04-20
14810,gabe270@shop.net,40.48,txn_104809,2026-03-17
14811,bob840@mail.com,167.08,txn_104810,2026-04-20
14812,trent68@example.com,75.32,txn_104811,2026-06-06
14813,uma224@test.org,140.72,txn_104812,2026-02-23
14814,heidi597@shop.net,309.82,txn_104813,2026-06-30
14815,kevin932@inbox.io,97.68,txn_104814,2026-04-23
14816,oscar522@example.com,46.97,txn_104815,2026-07-10
14817,nina140@example.com,11.65,txn_104816,2026-05-24
14818,xander658@shop.net,66.62,txn_104817,2026-02-28
14819,laura93@shop.net,79.45,txn_104818,2026-04-06
14820,eve356@inbox.io,24.07,txn_104819,2026-03-05
14821,luna817@test.org,76.01,txn_104820,2026-02-23
14822,trent814@shop.net,40.32,txn_104821,2026-03-07
14823,yasmin745@mail.com,60.73,txn_104822,2026-05-27
14824,wendy291@inbox.io,74.12,txn_104823,2026-05-05
14825,romeo118@inbox.io,38.15,txn_104824,2026-03-28
14826,alice920@mail.com,43.52,txn_104825,2026-01-25
14827,zach566@inbox.io,67.56,txn_104826,2026-03-15
14828,grace807@mail.com,180.53,txn_104827,2026-06-20
14829,eli716@test.org,164.63,txn_104828,2026-03-07
14830,jude711@mail.com,38.73,txn_104829,2026-01-07
14831,val606@mail.com,183.13,txn_104830,2026-05-18
14832,zach681@shop.net,23.1,txn_104831,2026-02-21
14833,zoe832@example.com,77.13,txn_104832,2026-06-12
14834,wendy589@example.com,150.22,txn_104833,2026-07-01
14835,laura572@example.com,129.87,txn_104834,2026-04-26
14836,drew615@example.com,198.79,txn_104835,2026-04-16
14837,blake2@example.com,28.51,txn_104836,2026-04-11
14838,peggy179@shop.net,190.61,txn_104837,2026-02-04
14839,ivan697@mail.com,21.51,txn_104838,2026-06-07
14840,luna41@inbox.io,79.14,txn_104839,2026-07-05
14841,casey568@test.org,36.57,txn_104840,2026-04-02
14842,nora97@example.com,38.93,txn_104841,2026-01-19
14843,uma651@mail.com,66.07,txn_104842,2026-01-31
14844,romeo28@shop.net,20.85,txn_104843,2026-07-18
14845,wendy469@example.com,34.66,txn_104844,2026-04-03
14846,blake144@shop.net,125.23,txn_104845,2026-01-14
14847,heidi393@inbox.io,61.37,txn_104846,2026-04-08
14848,nina582@example.com,61.28,txn_104847,2026-07-08
14849,pia916@test.org,30.11,txn_104848,2026-05-30
14850,wren655@mail.com,56.4,txn_104849,2026-04-07
14851,quentin306@example.com,6.97,txn_104850,2026-05-21
14852,uma997@example.com,65.12,txn_104851,2026-03-29
14853,eve852@mail.com,490.56,txn_104852,2026-07-19
14854,sybil897@shop.net,,txn_104853,2026-02-16
14855,iris235@inbox.io,27.55,txn_104854,2026-07-13
14856,peggy68@mail.com,32.09,txn_104855,2026-04-07
14857,uri383@example.com,26.93,txn_104856,2026-02-20
14858,judy96@shop.net,57.25,txn_104857,2026-05-31
14859,drew530@inbox.io,66.79,txn_104858,2026-02-24
14860,eve896@mail.com,26.71,txn_104859,2026-05-30
14861,uma250@shop.net,53.8,txn_104860,2026-04-19
14862,grace199@inbox.io,44.63,txn_104861,2026-04-06
14863,gabe62@example.com,57.25,txn_104862,2026-05-03
14864,peggy320@example.com,11.32,txn_104863,2026-01-24
14865,eve235@shop.net,45.11,txn_104864,2026-02-13
14866,owen968@example.com,138.31,txn_104865,2026-05-21
14867,eve468@inbox.io,51.14,txn_104866,2026-04-14
14868,owen328@inbox.io,14.67,txn_104867,2026-07-14
14869,drew417@example.com,53.88,txn_104868,2026-01-01
14870,judy842@test.org,19.84,txn_104869,2026-07-04
14871,eve965@shop.net,58.0,txn_104870,2026-02-20
14872,alice35@test.org,19.64,txn_104871,2026-02-17
14873,gabe896@test.org,53.53,txn_104872,2026-03-27
14874,sam692@example.com,67.32,txn_104744,2026-02-13
14875,sybil99@example.com,16.51,txn_104874,2026-04-14
14876,aria38@test.org,10.65,txn_104875,2026-03-23
14877,val580@inbox.io,12.16,txn_104876,2026-04-13
14878,blake211@mail.com,142.32,txn_104877,2026-02-02
14879,ivan285@mail.com,79.34,txn_104878,2026-03-01
14880,luna189@mail.com,8.54,txn_104879,2026-04-07
14881,ivan98@example.com,421.75,txn_104880,2026-07-13
14882,charlie117@example.com,110.72,txn_104881,2026-03-20
14883,nina590@mail.com,22.09,txn_104882,2026-02-14
14884,xander530@mail.com,77.96,txn_104883,2026-02-24
14885,kevin751@mail.com,30.17,txn_104884,2026-04-16
14886,ray342@shop.net,27.82,txn_104885,2026-05-09
14887,zach792@shop.net,153.13,txn_104886,2026-04-20
14888,alice271@mail.com,37.25,txn_104887,2026-02-19
14889,romeo764@mail.com,65.77,txn_104888,2026-04-02
14890,peggy769@test.org,55.25,txn_104889,2026-06-10
14891,peggy678@shop.net,52.77,txn_104890,2026-04-03
14892,laura484@inbox.io,122.75,txn_104891,2026-07-18
14893,frank705@shop.net,33.77,txn_104892,2026-04-14
14894,xander577@shop.net,112.1,txn_104893,2026-07-15
14895,yasmin379@mail.com,184.68,txn_104894,2026-05-11
14896,david939@inbox.io,27.51,txn_104895,2026-03-10
14897,eli225@shop.net,68.67,txn_104896,2026-06-28
14898,xander296@mail.com,173.29,txn_104897,2026-03-11
14899,wren445@test.org,160.03,txn_104898,2026-03-28
14900,nina595@inbox.io,57.48,txn_104899,2026-04-15
14901,ivan565@inbox.io,169.75,txn_104900,2026-02-09
14902,sybil899@mail.com,426.49,txn_104901,2026-04-10
14903,fiona155@inbox.io,30.41,txn_104902,2026-01-21
14904,kevin885@test.org,75.05,txn_104903,2026-02-20
14905,val954@inbox.io,25.36,txn_104904,2026-06-18
14906,sybil562@test.org,61.18,txn_104905,2026-03-05
14907,quinn27@inbox.io,12.6,txn_104906,2026-07-07
14908,iris304@mail.com,49.27,txn_104907,2026-03-02
14909,nora771@inbox.io,145.57,txn_104908,2026-06-18
14910,eve99@test.org,21.85,txn_104909,2026-05-09
14911,frank404@example.com,141.83,txn_104910,2026-02-20
14912,sam91@test.org,6.73,txn_104911,2026-02-23
14913,eli389@mail.com,56.84,txn_104912,2026-07-18
14914,zoe966@example.com,45.22,txn_104913,2026-04-19
14915,eli926@inbox.io,146.71,txn_104914,2026-02-05
14916,yasmin588@shop.net,14.89,txn_104915,2026-02-01
14917,sybil803@test.org,62.62,txn_104916,2026-07-20
14918,zoe407@test.org,53.18,txn_104917,2026-02-06
14919,val852@inbox.io,34.15,txn_104918,2026-06-29
14920,sybil769@shop.net,73.79,txn_104919,2026-02-18
14921,miles472@example.com,74.81,txn_104920,2026-05-31
14922,owen12@shop.net,66.55,txn_104921,2026-03-09
14923,gabe684@example.com,53.15,txn_104922,2026-06-29
14924,yasmin581@shop.net,51.53,txn_104923,2026-04-26
14925,ray422@example.com,46.3,txn_104924,2026-02-25
14926,victor615@mail.com,12.87,txn_104925,2026-04-10
14927,grace359@mail.com,148.55,txn_104926,2026-01-30
14928,zach582@mail.com,59.85,txn_104927,2026-07-18
14929,wren200@example.com,25.41,txn_104928,2026-03-11
14930,nina940@test.org,67.49,txn_104929,2026-06-18
14931,nina547@shop.net,113.77,txn_104930,2026-05-25
14932,iris91@shop.net,194.6,txn_104931,2026-04-22
14933,fiona222@inbox.io,79.55,txn_104932,2026-05-20
14934,frank411@example.com,26.22,txn_104933,2026-06-17
14935,tara679@inbox.io,62.87,txn_104934,2026-01-13
14936,trent916@mail.com,245.16,txn_104935,2026-05-24
14937,aria949@test.org,73.7,txn_104936,2026-01-09
14938,val898@example.com,7.97,txn_104937,2026-03-16
14939,judy978@example.com,104.07,txn_104938,2026-05-09
14940,val310@shop.net,71.61,txn_104939,2026-01-16
14941,nina203@shop.net,9.6,txn_104940,2026-05-03
14942,kai498@example.com,191.38,txn_104941,2026-01-26
14943,nina392@inbox.io,29.29,txn_104942,2026-05-04
14944,grace810@example.com,20.25,txn_104943,2026-02-04
14945,tara597@example.com,74.47,txn_104944,2026-01-05
14946,ivan928@shop.net,70.06,txn_104945,2026-02-11
14947,harper823@inbox.io,26.7,txn_104946,2026-01-31
14948,ivan471@inbox.io,115.89,txn_104947,2026-02-04
14949,fiona792@example.com,0,txn_104948,2026-04-22
14950,eli378@inbox.io,27.09,txn_104949,2026-04-20
14951,mallory74+orders@inbox.io,64.15,txn_104950,2026-01-21
14952,charlie309@test.org,13.34,txn_104951,2026-04-08
14953,heidi294@inbox.io,53.11,txn_104952,2026-01-31
14954,wendy899@shop.net,58.25,txn_104953,2026-01-22
14955,victor340@mail.com,49.76,txn_104954,2026-04-21
14956,quinn398@mail.com,46.09,txn_103876,2026-03-30
14957,victor331@mail.com,54.2,txn_104956,2026-07-09
14958,trent3@example.com,32.25,txn_104957,2026-05-05
14959,uri957@example.com,150.05,txn_104958,2026-06-02
14960,tara283@inbox.io,73.62,txn_104959,2026-04-02
14961,blake620@test.org,47.77,txn_104960,2026-06-03
14962,oscar32@example.com,49.31,txn_104961,2026-06-10
14963,,75.43,txn_104962,2026-04-13
14964,nina373@shop.net,115.55,txn_104963,2026-02-07
14965,laura654@test.org,134.68,txn_104964,2026-04-10
14966,zach779@mail.com,35.38,txn_104965,2026-01-07
14967,quentin895@test.org,6.69,txn_104966,2026-01-11
14968,frank880@shop.net,1881.47,txn_104967,2026-01-29
14969,oscar839@example.com,53.62,txn_104968,2026-04-18
14970,laura42@shop.net,141.43,txn_104969,2026-07-19
14971,grace4@example.com,494.14,txn_104970,2026-04-16
14972,aria614@inbox.io,25.4,txn_104971,2026-07-14
14973,grace139@test.org,5.58,txn_104972,2026-04-15
14974,kevin514@mail.com,94.61,txn_104973,2026-06-18
14975,kevin235@mail.com,16.11,txn_104974,2026-02-14
14976,jude291@mail.com,25.83,txn_104975,2026-03-25
14977,judy198@inbox.io,50.45,txn_104976,2026-06-02
14978,trent2@example.com,7.93,txn_104977,2026-07-12
14979,jude464@shop.net,13.69,txn_104978,2026-04-06
14980,grace959@example.com,55.03,txn_104979,2026-07-18
14981,uma327@mail.com,483.1,txn_104980,2026-02-07
14982,kevin607@inbox.io,66.92,txn_104981,2026-04-22
14983,sybil655@example.com,159.79,txn_104982,2026-05-06
14984,jude614@example.com,142.9,txn_104983,2026-01-08
14985,ivan18@inbox.io,82.85,txn_104984,2026-03-18
14986,grace295@inbox.io,413.69,txn_104985,2026-03-26
14987,peggy80@shop.net,70.37,txn_104986,2026-02-02
14988,wren780@inbox.io,478.95,txn_104987,2026-03-09
14989,sybil570@test.org,39.06,txn_104988,2026-07-07
14990,owen564@mail.com,11.38,txn_104989,2026-05-11
14991,ray949@inbox.io,6.69,txn_104990,2026-02-26
14992,wren510@shop.net,1338.87,txn_104991,2026-07-01
14993,bob476@mail.com,62.98,txn_104992,2026-06-20
14994,judy228@example.com,154.47,txn_104993,2026-07-03
14995,casey954@shop.net,271.87,txn_104994,2026-07-04
14996,zach590@inbox.io,66.07,txn_104995,2026-05-22
14997,uma937@shop.net,32.91,txn_104996,2026-05-27
14998,trent558@example.com,102.39,txn_104997,2026-07-08
14999,alice618@test.org,369.93,txn_104622,2026-01-13
15000,sam368@shop.net,142.38,txn_104999,2026-05-20
